DATE_HOUR,STATION,VALUE(m3/d),VALUE(ft3/d),QUANTILE
2016-01-02 08:00:00,PUENTE DEL DIABLO,5.72,201.9998936469147,q25
2016-01-03 08:00:00,PUENTE DEL DIABLO,20.55,725.7164011265904,q70
2016-01-04 08:00:00,PUENTE DEL DIABLO,5.909,208.67436565727604,q25
2016-01-05 08:00:00,PUENTE DEL DIABLO,6.295,222.30582701177065,q25
2016-01-06 08:00:00,PUENTE DEL DIABLO,7.45,263.09426707509,q50
2016-01-07 08:00:00,PUENTE DEL DIABLO,7.05,248.96840038649452,q50
2016-01-08 00:40:00,PUENTE DEL DIABLO,6.99,246.8495203832052,q50
2016-01-09 08:00:00,PUENTE DEL DIABLO,7.1,250.73413372256894,q50
2016-01-10 08:00:00,PUENTE DEL DIABLO,6.6,233.07680036182464,q25
2016-01-11 08:00:00,PUENTE DEL DIABLO,6.4,226.01386701752696,q25
2016-01-12 08:00:00,PUENTE DEL DIABLO,6.533,230.71071769148494,q25
2016-01-13 08:00:00,PUENTE DEL DIABLO,5.801,204.86038165135528,q25
2016-01-14 08:00:00,PUENTE DEL DIABLO,5.81,205.17821365184867,q25
2016-01-15 08:00:00,PUENTE DEL DIABLO,5.801,204.86038165135528,q25
2016-01-17 08:00:00,PUENTE DEL DIABLO,5.58,197.05584030590632,q25
2016-01-18 08:00:00,PUENTE DEL DIABLO,5.67,200.23416031084028,q25
2016-01-19 08:00:00,PUENTE DEL DIABLO,5.713,201.7526909798643,q25
2016-01-20 08:00:00,PUENTE DEL DIABLO,5.79,204.47192031741892,q25
2016-01-21 08:00:00,PUENTE DEL DIABLO,5.721,202.0352083136362,q25
2016-01-22 08:00:00,PUENTE DEL DIABLO,5.691,200.97576831199154,q25
2016-01-23 08:00:00,PUENTE DEL DIABLO,5.692,201.01108297871303,q25
2016-01-24 08:00:00,PUENTE DEL DIABLO,5.682,200.65793631149816,q25
2016-01-25 08:00:00,PUENTE DEL DIABLO,5.796,204.68380831774786,q25
2016-01-26 08:00:00,PUENTE DEL DIABLO,5.629,198.78625897525922,q25
2016-01-27 08:00:00,PUENTE DEL DIABLO,5.596,197.62087497345013,q25
2016-01-28 08:00:00,PUENTE DEL DIABLO,5.694,201.08171231215601,q25
2016-01-29 08:00:00,PUENTE DEL DIABLO,5.622,198.5390563082088,q25
2016-01-30 08:00:00,PUENTE DEL DIABLO,5.661,199.91632831034687,q25
2016-01-31 08:00:00,PUENTE DEL DIABLO,5.678,200.51667764461217,q25
2016-02-02 08:00:00,PUENTE DEL DIABLO,5.681,200.62262164477664,q25
2016-02-03 08:00:00,PUENTE DEL DIABLO,16.143,570.0846648849903,q70
2016-02-04 08:00:00,PUENTE DEL DIABLO,5.99,211.53485366171662,q25
2016-02-05 08:00:00,PUENTE DEL DIABLO,6.09,215.0663203338655,q25
2016-02-06 08:00:00,PUENTE DEL DIABLO,6.972,246.21385638221844,q50
2016-02-07 08:00:00,PUENTE DEL DIABLO,6.897,243.56525637810677,q25
2016-02-08 08:00:00,PUENTE DEL DIABLO,6.91,244.02434704548614,q25
2016-02-09 08:00:00,PUENTE DEL DIABLO,6.983,246.60231771615477,q50
2016-02-10 08:00:00,PUENTE DEL DIABLO,6.57,232.01736036018002,q25
2016-02-11 08:00:00,PUENTE DEL DIABLO,6.59,232.72365369460977,q25
2016-02-12 08:00:00,PUENTE DEL DIABLO,6.2,218.95093367322923,q25
2016-02-13 08:00:00,PUENTE DEL DIABLO,6.214,219.4453390073301,q25
2016-02-14 08:00:00,PUENTE DEL DIABLO,5.915,208.88625365760498,q25
2016-02-15 07:00:00,PUENTE DEL DIABLO,5.882,207.72086965579584,q25
2016-02-16 07:00:00,PUENTE DEL DIABLO,5.941,209.80443499236367,q25
2016-02-16 08:00:00,PUENTE DEL DIABLO,5.951,210.15758165957857,q25
2016-02-17 08:00:00,PUENTE DEL DIABLO,5.636,199.03346164230967,q25
2016-02-18 08:00:00,PUENTE DEL DIABLO,8.429,297.6673257954273,q50
2016-02-19 07:00:00,PUENTE DEL DIABLO,5.69,200.94045364527005,q25
2016-02-20 08:00:00,PUENTE DEL DIABLO,12.574,444.04661935599745,q70
2016-02-21 06:00:00,PUENTE DEL DIABLO,5.619,198.43311230804434,q25
2016-02-22 06:00:00,PUENTE DEL DIABLO,6.456,227.99148835393032,q25
2016-02-23 08:00:00,PUENTE DEL DIABLO,21.381,755.0628891721475,q70
2016-02-24 08:00:00,PUENTE DEL DIABLO,27.003,953.6019454803562,q70
2016-02-25 06:00:00,PUENTE DEL DIABLO,200.0,7062.933344297717,q70
2016-02-26 08:00:00,PUENTE DEL DIABLO,65.0,2295.453336896758,q70
2016-02-27 08:00:00,PUENTE DEL DIABLO,74.18,2619.6419774000233,q70
2016-02-28 08:00:00,PUENTE DEL DIABLO,47.6,1680.9781359428566,q70
2016-02-29 08:00:00,PUENTE DEL DIABLO,35.88,1267.0902419670106,q70
2016-03-02 08:00:00,PUENTE DEL DIABLO,5.893,208.10933098973223,q25
2016-03-03 08:00:00,PUENTE DEL DIABLO,15.416,544.4109021784681,q70
2016-03-04 08:00:00,PUENTE DEL DIABLO,5.864,207.08520565480904,q25
2016-03-05 07:00:00,PUENTE DEL DIABLO,6.344,224.0362456811236,q25
2016-03-06 08:00:00,PUENTE DEL DIABLO,7.48,264.15370707673463,q50
2016-03-07 08:00:00,PUENTE DEL DIABLO,6.85,241.9054670421968,q25
2016-03-08 08:00:00,PUENTE DEL DIABLO,6.819,240.81071237383065,q25
2016-03-09 08:00:00,PUENTE DEL DIABLO,6.85,241.9054670421968,q25
2016-03-10 08:00:00,PUENTE DEL DIABLO,6.7,236.60826703397353,q25
2016-03-11 08:00:00,PUENTE DEL DIABLO,6.45,227.77960035360138,q25
2016-03-12 08:00:00,PUENTE DEL DIABLO,6.372,225.02505634932527,q25
2016-03-13 08:00:00,PUENTE DEL DIABLO,6.592,232.79428302805275,q25
2016-03-14 08:00:00,PUENTE DEL DIABLO,6.602,233.14742969526765,q25
2016-03-15 08:00:00,PUENTE DEL DIABLO,6.424,226.8614190188427,q25
2016-03-16 08:00:00,PUENTE DEL DIABLO,6.35,224.24813368145252,q25
2016-03-17 08:00:00,PUENTE DEL DIABLO,6.21,219.3040803404441,q25
2016-03-18 08:00:00,PUENTE DEL DIABLO,6.345,224.07156034784506,q25
2016-03-19 08:00:00,PUENTE DEL DIABLO,6.212,219.37470967388708,q25
2016-03-20 08:00:00,PUENTE DEL DIABLO,6.069,214.32471233271423,q25
2016-03-21 08:00:00,PUENTE DEL DIABLO,6.279,221.74079234422683,q25
2016-03-22 08:00:00,PUENTE DEL DIABLO,6.45,227.77960035360138,q25
2016-03-23 08:00:00,PUENTE DEL DIABLO,6.012,212.31177632958935,q25
2016-03-24 08:00:00,PUENTE DEL DIABLO,6.253,220.82261100946812,q25
2016-03-25 08:00:00,PUENTE DEL DIABLO,6.027,212.8414963304117,q25
2016-03-26 08:00:00,PUENTE DEL DIABLO,5.983,211.2876509946662,q25
2016-03-27 08:00:00,PUENTE DEL DIABLO,6.003,211.99394432909597,q25
2016-03-28 08:00:00,PUENTE DEL DIABLO,6.024,212.73555233024723,q25
2016-03-29 07:00:00,PUENTE DEL DIABLO,6.112,215.84324300173824,q25
2016-03-30 08:00:00,PUENTE DEL DIABLO,5.935,209.59254699203473,q25
2016-03-31 08:00:00,PUENTE DEL DIABLO,6.009,212.2058323294249,q25
2016-04-02 08:00:00,PUENTE DEL DIABLO,5.607,198.0093363073865,q25
2016-04-03 08:00:00,PUENTE DEL DIABLO,15.067,532.0860834926685,q70
2016-04-04 08:00:00,PUENTE DEL DIABLO,6.58,232.3705070273949,q25
2016-04-05 08:00:00,PUENTE DEL DIABLO,6.2,218.95093367322923,q25
2016-04-06 08:00:00,PUENTE DEL DIABLO,7.521,265.60160841231567,q50
2016-04-07 08:00:00,PUENTE DEL DIABLO,6.878,242.89427771039848,q25
2016-04-08 08:00:00,PUENTE DEL DIABLO,6.91,244.02434704548614,q25
2016-04-09 08:00:00,PUENTE DEL DIABLO,6.89,243.31805371105634,q25
2016-04-10 08:00:00,PUENTE DEL DIABLO,6.59,232.72365369460977,q25
2016-04-11 08:00:00,PUENTE DEL DIABLO,6.5,229.5453336896758,q25
2016-04-12 08:00:00,PUENTE DEL DIABLO,6.32,223.18869367980787,q25
2016-04-13 08:00:00,PUENTE DEL DIABLO,6.738,237.9502243693901,q25
2016-04-15 07:00:00,PUENTE DEL DIABLO,6.885,243.1414803774489,q25
2016-04-16 08:00:00,PUENTE DEL DIABLO,6.69,236.25512036675866,q25
2016-04-17 08:00:00,PUENTE DEL DIABLO,6.708,236.89078436774543,q25
2016-04-18 08:00:00,PUENTE DEL DIABLO,6.65,234.8425336978991,q25
2016-04-19 08:00:00,PUENTE DEL DIABLO,6.798,240.0691043726794,q25
2016-04-20 08:00:00,PUENTE DEL DIABLO,6.89,243.31805371105634,q25
2016-04-21 08:00:00,PUENTE DEL DIABLO,6.647,234.73658969773464,q25
2016-04-22 08:00:00,PUENTE DEL DIABLO,6.38,225.30757368309716,q25
2016-04-23 08:00:00,PUENTE DEL DIABLO,6.339,223.85967234751615,q25
2016-04-24 08:00:00,PUENTE DEL DIABLO,6.345,224.07156034784506,q25
2016-04-25 08:00:00,PUENTE DEL DIABLO,6.766,238.93903503759176,q25
2016-04-26 08:00:00,PUENTE DEL DIABLO,6.9,243.67120037827124,q25
2016-04-27 07:00:00,PUENTE DEL DIABLO,5.761,203.44779498249574,q25
2016-04-28 07:00:00,PUENTE DEL DIABLO,6.7,236.60826703397353,q25
2016-04-29 07:00:00,PUENTE DEL DIABLO,6.668,235.47819769888588,q25
2016-04-30 08:00:00,PUENTE DEL DIABLO,6.65,234.8425336978991,q25
2016-05-02 08:00:00,PUENTE DEL DIABLO,5.901,208.39184832350412,q25
2016-05-03 08:00:00,PUENTE DEL DIABLO,8.029,283.54145910683184,q50
2016-05-04 08:00:00,PUENTE DEL DIABLO,6.569,231.9820456934585,q25
2016-05-05 08:00:00,PUENTE DEL DIABLO,6.72,237.31456036840328,q25
2016-05-06 08:00:00,PUENTE DEL DIABLO,6.75,238.37400037004795,q25
2016-05-07 08:00:00,PUENTE DEL DIABLO,6.85,241.9054670421968,q25
2016-05-08 08:00:00,PUENTE DEL DIABLO,6.799,240.1044190394009,q25
2016-05-09 00:00:00,PUENTE DEL DIABLO,7.1,250.73413372256894,q50
2016-05-10 08:00:00,PUENTE DEL DIABLO,6.9,243.67120037827124,q25
2016-05-11 08:00:00,PUENTE DEL DIABLO,6.483,228.9449843554105,q25
2016-05-12 08:00:00,PUENTE DEL DIABLO,6.308,222.76491767915,q25
2016-05-13 08:00:00,PUENTE DEL DIABLO,6.2,218.95093367322923,q25
2016-05-14 08:00:00,PUENTE DEL DIABLO,6.9,243.67120037827124,q25
2016-05-15 08:00:00,PUENTE DEL DIABLO,6.534,230.7460323582064,q25
2016-05-16 08:00:00,PUENTE DEL DIABLO,6.45,227.77960035360138,q25
2016-05-17 08:00:00,PUENTE DEL DIABLO,6.806,240.3516217064513,q25
2016-05-18 08:00:00,PUENTE DEL DIABLO,6.9,243.67120037827124,q25
2016-05-19 08:00:00,PUENTE DEL DIABLO,7.724,272.7704857567778,q50
2016-05-20 08:00:00,PUENTE DEL DIABLO,6.55,231.31106702575022,q25
2016-05-21 08:00:00,PUENTE DEL DIABLO,6.4,226.01386701752696,q25
2016-05-22 08:00:00,PUENTE DEL DIABLO,6.4,226.01386701752696,q25
2016-05-23 08:00:00,PUENTE DEL DIABLO,6.611,233.46526169576103,q25
2016-05-24 08:00:00,PUENTE DEL DIABLO,6.6,233.07680036182464,q25
2016-05-25 08:00:00,PUENTE DEL DIABLO,6.701,236.643581700695,q25
2016-05-26 08:00:00,PUENTE DEL DIABLO,7.5,264.8600004111644,q50
2016-05-27 08:00:00,PUENTE DEL DIABLO,6.95,245.43693371434568,q50
2016-05-28 08:00:00,PUENTE DEL DIABLO,6.5,229.5453336896758,q25
2016-05-29 08:00:00,PUENTE DEL DIABLO,6.45,227.77960035360138,q25
2016-05-30 08:00:00,PUENTE DEL DIABLO,6.53,230.60477369132047,q25
2016-05-31 08:00:00,PUENTE DEL DIABLO,7.542,266.3432164134669,q50
2016-06-02 08:00:00,PUENTE DEL DIABLO,6.81,240.49288037333724,q25
2016-06-03 08:00:00,PUENTE DEL DIABLO,5.654,199.66912564329647,q25
2016-06-04 08:00:00,PUENTE DEL DIABLO,5.85,206.5908003207082,q25
2016-06-05 08:00:00,PUENTE DEL DIABLO,6.7,236.60826703397353,q25
2016-06-06 08:00:00,PUENTE DEL DIABLO,7.49,264.50685374394953,q50
2016-06-07 08:00:00,PUENTE DEL DIABLO,7.0,247.2026670504201,q50
2016-06-08 08:00:00,PUENTE DEL DIABLO,6.91,244.02434704548614,q25
2016-06-09 00:00:00,PUENTE DEL DIABLO,7.249,255.99601906407074,q50
2016-06-10 08:00:00,PUENTE DEL DIABLO,6.464,228.2740056877022,q25
2016-06-11 08:00:00,PUENTE DEL DIABLO,6.4,226.01386701752696,q25
2016-06-12 08:00:00,PUENTE DEL DIABLO,6.3,222.48240034537807,q25
2016-06-13 08:00:00,PUENTE DEL DIABLO,7.08,250.0278403881392,q50
2016-06-14 08:00:00,PUENTE DEL DIABLO,7.05,248.96840038649452,q50
2016-06-15 08:00:00,PUENTE DEL DIABLO,7.09,250.38098705535407,q50
2016-06-16 08:00:00,PUENTE DEL DIABLO,6.901,243.70651504499273,q25
2016-06-17 08:00:00,PUENTE DEL DIABLO,6.92,244.377493712701,q25
2016-06-18 08:00:00,PUENTE DEL DIABLO,7.248,255.96070439734928,q50
2016-06-19 08:00:00,PUENTE DEL DIABLO,6.918,244.30686437925803,q25
2016-06-20 08:00:00,PUENTE DEL DIABLO,6.92,244.377493712701,q25
2016-06-21 08:00:00,PUENTE DEL DIABLO,7.3,257.79706706686665,q50
2016-06-22 08:00:00,PUENTE DEL DIABLO,7.303,257.9030110670311,q50
2016-06-23 08:00:00,PUENTE DEL DIABLO,6.9,243.67120037827124,q25
2016-06-24 08:00:00,PUENTE DEL DIABLO,6.89,243.31805371105634,q25
2016-06-25 08:00:00,PUENTE DEL DIABLO,7.12,251.44042705699871,q50
2016-06-26 08:00:00,PUENTE DEL DIABLO,6.811,240.52819504005876,q25
2016-06-27 08:00:00,PUENTE DEL DIABLO,7.08,250.0278403881392,q50
2016-06-28 08:00:00,PUENTE DEL DIABLO,7.101,250.76944838929043,q50
2016-06-29 08:00:00,PUENTE DEL DIABLO,6.887,243.21210971089187,q25
2016-06-30 08:00:00,PUENTE DEL DIABLO,6.88,242.96490704384146,q25
2016-07-02 08:00:00,PUENTE DEL DIABLO,5.588,197.3383576396782,q25
2016-07-03 08:00:00,PUENTE DEL DIABLO,5.977,211.07576299433728,q25
2016-07-04 08:00:00,PUENTE DEL DIABLO,6.416,226.57890168507078,q25
2016-07-05 08:00:00,PUENTE DEL DIABLO,6.692,236.3257497002016,q25
2016-07-06 08:00:00,PUENTE DEL DIABLO,7.2,254.2656003947178,q50
2016-07-07 08:00:00,PUENTE DEL DIABLO,6.95,245.43693371434568,q50
2016-07-08 08:00:00,PUENTE DEL DIABLO,6.648,234.7719043644561,q25
2016-07-09 00:00:00,PUENTE DEL DIABLO,7.1,250.73413372256894,q50
2016-07-10 08:00:00,PUENTE DEL DIABLO,6.6,233.07680036182464,q25
2016-07-11 08:00:00,PUENTE DEL DIABLO,6.589,232.6883390278883,q25
2016-07-12 08:00:00,PUENTE DEL DIABLO,6.6,233.07680036182464,q25
2016-07-13 08:00:00,PUENTE DEL DIABLO,6.9,243.67120037827124,q25
2016-07-14 08:00:00,PUENTE DEL DIABLO,6.967,246.03728304861096,q50
2016-07-15 08:00:00,PUENTE DEL DIABLO,6.96,245.79008038156056,q50
2016-07-16 08:00:00,PUENTE DEL DIABLO,6.772,239.1509230379207,q25
2016-07-17 08:00:00,PUENTE DEL DIABLO,6.95,245.43693371434568,q50
2016-07-18 08:00:00,PUENTE DEL DIABLO,6.93,244.73064037991588,q50
2016-07-19 08:00:00,PUENTE DEL DIABLO,6.9,243.67120037827124,q25
2016-07-20 08:00:00,PUENTE DEL DIABLO,6.856,242.11735504252573,q25
2016-07-21 08:00:00,PUENTE DEL DIABLO,6.9,243.67120037827124,q25
2016-07-22 08:00:00,PUENTE DEL DIABLO,6.95,245.43693371434568,q50
2016-07-23 08:00:00,PUENTE DEL DIABLO,6.96,245.79008038156056,q50
2016-07-24 08:00:00,PUENTE DEL DIABLO,6.79,239.7865870389075,q25
2016-07-25 08:00:00,PUENTE DEL DIABLO,6.96,245.79008038156056,q50
2016-07-26 08:00:00,PUENTE DEL DIABLO,6.97,246.14322704877543,q50
2016-07-27 08:00:00,PUENTE DEL DIABLO,6.908,243.95371771204316,q25
2016-07-28 08:00:00,PUENTE DEL DIABLO,6.91,244.02434704548614,q25
2016-07-29 08:00:00,PUENTE DEL DIABLO,6.98,246.49637371599033,q50
2016-07-30 08:00:00,PUENTE DEL DIABLO,6.981,246.53168838271182,q50
2016-07-31 00:40:00,PUENTE DEL DIABLO,6.981,246.53168838271182,q50
2016-08-01 06:00:00,PUENTE DEL DIABLO,5.832,205.95513631972142,q25
2016-08-02 08:00:00,PUENTE DEL DIABLO,5.676,200.44604831116922,q25
2016-08-03 08:00:00,PUENTE DEL DIABLO,5.432,191.829269631126,q25
2016-08-04 07:00:00,PUENTE DEL DIABLO,6.68,235.90197369954373,q25
2016-08-05 08:00:00,PUENTE DEL DIABLO,6.4,226.01386701752696,q25
2016-08-06 08:00:00,PUENTE DEL DIABLO,7.137,252.04077639126402,q50
2016-08-07 08:00:00,PUENTE DEL DIABLO,6.95,245.43693371434568,q50
2016-08-08 08:00:00,PUENTE DEL DIABLO,6.82,240.84602704055217,q25
2016-08-09 00:00:00,PUENTE DEL DIABLO,6.957,245.6841363813961,q50
2016-08-10 08:00:00,PUENTE DEL DIABLO,6.565,231.84078702657257,q25
2016-08-11 08:00:00,PUENTE DEL DIABLO,6.6,233.07680036182464,q25
2016-08-12 08:00:00,PUENTE DEL DIABLO,6.3,222.48240034537807,q25
2016-08-13 08:00:00,PUENTE DEL DIABLO,6.865,242.43518704301914,q25
2016-08-14 08:00:00,PUENTE DEL DIABLO,6.82,240.84602704055217,q25
2016-08-15 08:00:00,PUENTE DEL DIABLO,6.998,247.13203771697712,q50
2016-08-16 08:00:00,PUENTE DEL DIABLO,6.9,243.67120037827124,q25
2016-08-17 08:00:00,PUENTE DEL DIABLO,6.88,242.96490704384146,q25
2016-08-18 08:00:00,PUENTE DEL DIABLO,6.9,243.67120037827124,q25
2016-08-19 08:00:00,PUENTE DEL DIABLO,7.108,251.01665105634086,q50
2016-08-20 08:00:00,PUENTE DEL DIABLO,6.9,243.67120037827124,q25
2016-08-21 08:00:00,PUENTE DEL DIABLO,7.094,250.52224572224003,q50
2016-08-22 08:00:00,PUENTE DEL DIABLO,6.9,243.67120037827124,q25
2016-08-23 08:00:00,PUENTE DEL DIABLO,6.954,245.57819238123162,q50
2016-08-24 08:00:00,PUENTE DEL DIABLO,6.9,243.67120037827124,q25
2016-08-25 08:00:00,PUENTE DEL DIABLO,6.939,245.0484723804093,q50
2016-08-26 08:00:00,PUENTE DEL DIABLO,6.9,243.67120037827124,q25
2016-08-27 08:00:00,PUENTE DEL DIABLO,6.956,245.64882171467463,q50
2016-08-28 08:00:00,PUENTE DEL DIABLO,6.85,241.9054670421968,q25
2016-08-29 08:00:00,PUENTE DEL DIABLO,6.69,236.25512036675866,q25
2016-08-30 08:00:00,PUENTE DEL DIABLO,6.85,241.9054670421968,q25
2016-08-31 08:00:00,PUENTE DEL DIABLO,7.1,250.73413372256894,q50
2016-09-02 08:00:00,PUENTE DEL DIABLO,6.233,220.11631767503835,q25
2016-09-03 08:00:00,PUENTE DEL DIABLO,5.603,197.86807764050053,q25
2016-09-04 08:00:00,PUENTE DEL DIABLO,6.49,229.19218702246093,q25
2016-09-05 08:00:00,PUENTE DEL DIABLO,6.313,222.94149101275744,q25
2016-09-06 08:00:00,PUENTE DEL DIABLO,7.22,254.97189372914758,q50
2016-09-07 08:00:00,PUENTE DEL DIABLO,6.9,243.67120037827124,q25
2016-09-08 08:00:00,PUENTE DEL DIABLO,6.92,244.377493712701,q25
2016-09-09 08:00:00,PUENTE DEL DIABLO,7.05,248.96840038649452,q50
2016-09-10 08:00:00,PUENTE DEL DIABLO,6.45,227.77960035360138,q25
2016-09-11 08:00:00,PUENTE DEL DIABLO,6.509,229.8631656901692,q25
2016-09-12 08:00:00,PUENTE DEL DIABLO,6.298,222.41177101193512,q25
2016-09-13 08:00:00,PUENTE DEL DIABLO,6.98,246.49637371599033,q50
2016-09-14 08:00:00,PUENTE DEL DIABLO,6.984,246.6376323828763,q50
2016-09-15 08:00:00,PUENTE DEL DIABLO,7.05,248.96840038649452,q50
2016-09-16 08:00:00,PUENTE DEL DIABLO,7.918,279.6215311007466,q50
2016-09-17 08:00:00,PUENTE DEL DIABLO,6.85,241.9054670421968,q25
2016-09-18 08:00:00,PUENTE DEL DIABLO,6.911,244.0596617122076,q25
2016-09-19 08:00:00,PUENTE DEL DIABLO,6.98,246.49637371599033,q50
2016-09-20 08:00:00,PUENTE DEL DIABLO,6.555,231.48764035935767,q25
2016-09-21 08:00:00,PUENTE DEL DIABLO,6.63,234.1362403634693,q25
2016-09-22 08:00:00,PUENTE DEL DIABLO,6.635,234.31281369707676,q25
2016-09-23 08:00:00,PUENTE DEL DIABLO,6.59,232.72365369460977,q25
2016-09-24 08:00:00,PUENTE DEL DIABLO,6.487,229.08624302229646,q25
2016-09-25 08:00:00,PUENTE DEL DIABLO,6.59,232.72365369460977,q25
2016-09-26 08:00:00,PUENTE DEL DIABLO,6.59,232.72365369460977,q25
2016-09-27 08:00:00,PUENTE DEL DIABLO,6.3,222.48240034537807,q25
2016-09-28 08:00:00,PUENTE DEL DIABLO,6.506,229.75722169000474,q25
2016-09-29 08:00:00,PUENTE DEL DIABLO,6.48,228.83904035524606,q25
2016-09-30 08:00:00,PUENTE DEL DIABLO,6.61,233.42994702903957,q25
2016-10-01 06:00:00,PUENTE DEL DIABLO,6.13,216.478907002725,q25
2016-10-01 08:00:00,PUENTE DEL DIABLO,6.13,216.478907002725,q25
2016-10-02 08:00:00,PUENTE DEL DIABLO,5.596,197.62087497345013,q25
2016-10-03 07:00:00,PUENTE DEL DIABLO,6.28,221.77610701094832,q25
2016-10-04 08:00:00,PUENTE DEL DIABLO,6.468,228.41526435458817,q25
2016-10-05 08:00:00,PUENTE DEL DIABLO,6.6,233.07680036182464,q25
2016-10-06 08:00:00,PUENTE DEL DIABLO,7.235,255.50161372996993,q50
2016-10-07 08:00:00,PUENTE DEL DIABLO,6.82,240.84602704055217,q25
2016-10-08 08:00:00,PUENTE DEL DIABLO,6.92,244.377493712701,q25
2016-10-09 08:00:00,PUENTE DEL DIABLO,6.937,244.9778430469663,q50
2016-10-10 08:00:00,PUENTE DEL DIABLO,6.662,235.26630969855694,q25
2016-10-11 08:00:00,PUENTE DEL DIABLO,6.65,234.8425336978991,q25
2016-10-12 08:00:00,PUENTE DEL DIABLO,6.4,226.01386701752696,q25
2016-10-13 08:00:00,PUENTE DEL DIABLO,6.5,229.5453336896758,q25
2016-10-14 08:00:00,PUENTE DEL DIABLO,6.31,222.83554701259297,q25
2016-10-15 08:00:00,PUENTE DEL DIABLO,6.61,233.42994702903957,q25
2016-10-16 08:00:00,PUENTE DEL DIABLO,6.59,232.72365369460977,q25
2016-10-17 08:00:00,PUENTE DEL DIABLO,6.61,233.42994702903957,q25
2016-10-18 08:00:00,PUENTE DEL DIABLO,6.82,240.84602704055217,q25
2016-10-19 08:00:00,PUENTE DEL DIABLO,6.5,229.5453336896758,q25
2016-10-20 08:00:00,PUENTE DEL DIABLO,6.855,242.08204037580427,q25
2016-10-21 08:00:00,PUENTE DEL DIABLO,6.65,234.8425336978991,q25
2016-10-22 08:00:00,PUENTE DEL DIABLO,6.982,246.5670030494333,q50
2016-10-23 08:00:00,PUENTE DEL DIABLO,6.8,240.13973370612237,q25
2016-10-24 08:00:00,PUENTE DEL DIABLO,6.598,233.0061710283817,q25
2016-10-25 08:00:00,PUENTE DEL DIABLO,6.6,233.07680036182464,q25
2016-10-26 08:00:00,PUENTE DEL DIABLO,7.1,250.73413372256894,q50
2016-10-27 08:00:00,PUENTE DEL DIABLO,6.6,233.07680036182464,q25
2016-10-28 08:00:00,PUENTE DEL DIABLO,6.56,231.6642136929651,q25
2016-10-29 08:00:00,PUENTE DEL DIABLO,6.58,232.3705070273949,q25
2016-10-30 08:00:00,PUENTE DEL DIABLO,6.58,232.3705070273949,q25
2016-10-31 08:00:00,PUENTE DEL DIABLO,6.58,232.3705070273949,q25
2016-11-02 08:00:00,PUENTE DEL DIABLO,5.849,206.55548565398675,q25
2016-11-03 07:00:00,PUENTE DEL DIABLO,6.63,234.1362403634693,q25
2016-11-04 07:00:00,PUENTE DEL DIABLO,6.828,241.12854437432406,q25
2016-11-05 08:00:00,PUENTE DEL DIABLO,7.281,257.1260883991584,q50
2016-11-06 08:00:00,PUENTE DEL DIABLO,7.06,249.3215470537094,q50
2016-11-07 08:00:00,PUENTE DEL DIABLO,6.91,244.02434704548614,q25
2016-11-08 08:00:00,PUENTE DEL DIABLO,6.924,244.51875237958697,q50
2016-11-09 08:00:00,PUENTE DEL DIABLO,7.0,247.2026670504201,q50
2016-11-10 08:00:00,PUENTE DEL DIABLO,6.5,229.5453336896758,q25
2016-11-11 08:00:00,PUENTE DEL DIABLO,6.313,222.94149101275744,q25
2016-11-12 08:00:00,PUENTE DEL DIABLO,6.52,230.25162702410555,q25
2016-11-13 08:00:00,PUENTE DEL DIABLO,6.417,226.61421635179224,q25
2016-11-14 08:00:00,PUENTE DEL DIABLO,6.3,222.48240034537807,q25
2016-11-15 08:00:00,PUENTE DEL DIABLO,6.08,214.7131736666506,q25
2016-11-16 08:00:00,PUENTE DEL DIABLO,6.1,215.41946700108036,q25
2016-11-17 08:00:00,PUENTE DEL DIABLO,6.56,231.6642136929651,q25
2016-11-18 08:00:00,PUENTE DEL DIABLO,6.56,231.6642136929651,q25
2016-11-19 08:00:00,PUENTE DEL DIABLO,6.61,233.42994702903957,q25
2016-11-20 08:00:00,PUENTE DEL DIABLO,6.55,231.31106702575022,q25
2016-11-21 08:00:00,PUENTE DEL DIABLO,6.49,229.19218702246093,q25
2016-11-22 08:00:00,PUENTE DEL DIABLO,6.85,241.9054670421968,q25
2016-11-23 08:00:00,PUENTE DEL DIABLO,6.689,236.21980570003714,q25
2016-11-24 08:00:00,PUENTE DEL DIABLO,6.65,234.8425336978991,q25
2016-11-25 08:00:00,PUENTE DEL DIABLO,6.779,239.3981257049711,q25
2016-11-26 08:00:00,PUENTE DEL DIABLO,6.65,234.8425336978991,q25
2016-11-27 08:00:00,PUENTE DEL DIABLO,6.66,235.195680365114,q25
2016-11-28 08:00:00,PUENTE DEL DIABLO,6.56,231.6642136929651,q25
2016-11-29 08:00:00,PUENTE DEL DIABLO,6.85,241.9054670421968,q25
2016-11-30 08:00:00,PUENTE DEL DIABLO,6.78,239.43344037169263,q25
2016-12-01 08:00:00,PUENTE DEL DIABLO,6.011,212.2764616628679,q25
2016-12-02 08:00:00,PUENTE DEL DIABLO,6.192,218.66841633945734,q25
2016-12-03 08:00:00,PUENTE DEL DIABLO,6.922,244.44812304614396,q50
2016-12-04 07:00:00,PUENTE DEL DIABLO,6.48,228.83904035524606,q25
2016-12-05 08:00:00,PUENTE DEL DIABLO,6.7,236.60826703397353,q25
2016-12-06 08:00:00,PUENTE DEL DIABLO,7.216,254.83063506226165,q50
2016-12-07 08:00:00,PUENTE DEL DIABLO,6.787,239.68064303874303,q25
2016-12-08 08:00:00,PUENTE DEL DIABLO,6.82,240.84602704055217,q25
2016-12-09 08:00:00,PUENTE DEL DIABLO,7.007,247.4498697174705,q50
2016-12-10 08:00:00,PUENTE DEL DIABLO,6.6,233.07680036182464,q25
2016-12-11 08:00:00,PUENTE DEL DIABLO,6.3,222.48240034537807,q25
2016-12-12 08:00:00,PUENTE DEL DIABLO,6.35,224.24813368145252,q25
2016-12-13 08:00:00,PUENTE DEL DIABLO,6.33,223.54184034702274,q25
2016-12-14 08:00:00,PUENTE DEL DIABLO,6.35,224.24813368145252,q25
2016-12-15 08:00:00,PUENTE DEL DIABLO,6.662,235.26630969855694,q25
2016-12-16 08:00:00,PUENTE DEL DIABLO,6.6,233.07680036182464,q25
2016-12-17 08:00:00,PUENTE DEL DIABLO,6.6,233.07680036182464,q25
2016-12-18 08:00:00,PUENTE DEL DIABLO,6.327,223.43589634685827,q25
2016-12-19 08:00:00,PUENTE DEL DIABLO,6.52,230.25162702410555,q25
2016-12-20 08:00:00,PUENTE DEL DIABLO,6.4,226.01386701752696,q25
2016-12-21 08:00:00,PUENTE DEL DIABLO,6.5,229.5453336896758,q25
2016-12-22 08:00:00,PUENTE DEL DIABLO,6.52,230.25162702410555,q25
2016-12-23 08:00:00,PUENTE DEL DIABLO,6.374,225.09568568276822,q25
2016-12-24 08:00:00,PUENTE DEL DIABLO,6.52,230.25162702410555,q25
2016-12-25 08:00:00,PUENTE DEL DIABLO,6.446,227.63834168671542,q25
2016-12-26 08:00:00,PUENTE DEL DIABLO,6.3,222.48240034537807,q25
2016-12-27 08:00:00,PUENTE DEL DIABLO,6.4,226.01386701752696,q25
2016-12-28 08:00:00,PUENTE DEL DIABLO,6.52,230.25162702410555,q25
2016-12-29 08:00:00,PUENTE DEL DIABLO,6.38,225.30757368309716,q25
2016-12-30 08:00:00,PUENTE DEL DIABLO,6.39,225.66072035031203,q25
2016-12-31 08:00:00,PUENTE DEL DIABLO,6.4,226.01386701752696,q25
2017-01-01 08:00:00,PUENTE DEL DIABLO,6.39,225.66072035031203,q25
2017-01-02 08:00:00,PUENTE DEL DIABLO,20.0,706.2933344297717,q70
2017-01-03 08:00:00,PUENTE DEL DIABLO,19.0,670.9786677082831,q70
2017-01-04 08:00:00,PUENTE DEL DIABLO,30.0,1059.4400016446575,q70
2017-01-05 08:00:00,PUENTE DEL DIABLO,6.9,243.67120037827124,q25
2017-01-06 08:00:00,PUENTE DEL DIABLO,7.59,268.0383204160984,q50
2017-01-07 08:00:00,PUENTE DEL DIABLO,8.017,283.11768310617396,q50
2017-01-08 08:00:00,PUENTE DEL DIABLO,9.14,322.7760538344057,q70
2017-01-09 08:00:00,PUENTE DEL DIABLO,9.167,323.72954983588585,q70
2017-01-10 08:00:00,PUENTE DEL DIABLO,9.25,326.6606671737694,q70
2017-01-11 08:00:00,PUENTE DEL DIABLO,9.0,317.8320004933973,q70
2017-01-12 00:00:00,PUENTE DEL DIABLO,9.05,319.59773382947174,q70
2017-01-13 08:00:00,PUENTE DEL DIABLO,9.2,324.89493383769496,q70
2017-01-14 08:00:00,PUENTE DEL DIABLO,13.5,476.7480007400959,q70
2017-01-15 08:00:00,PUENTE DEL DIABLO,20.0,706.2933344297717,q70
2017-01-16 08:00:00,PUENTE DEL DIABLO,17.0,600.349334265306,q70
2017-01-17 08:00:00,PUENTE DEL DIABLO,25.0,882.8666680372146,q70
2017-01-18 08:00:00,PUENTE DEL DIABLO,18.0,635.6640009867946,q70
2017-01-19 09:00:00,PUENTE DEL DIABLO,17.5,618.0066676260502,q70
2017-01-20 08:00:00,PUENTE DEL DIABLO,19.0,670.9786677082831,q70
2017-01-21 08:00:00,PUENTE DEL DIABLO,16.127,569.5196302174463,q70
2017-01-22 08:00:00,PUENTE DEL DIABLO,18.5,653.3213343475388,q70
2017-01-23 08:00:00,PUENTE DEL DIABLO,19.13,675.5695743820766,q70
2017-01-24 08:00:00,PUENTE DEL DIABLO,19.2,678.0416010525809,q70
2017-01-25 08:00:00,PUENTE DEL DIABLO,23.883,843.4201853093118,q70
2017-01-26 08:00:00,PUENTE DEL DIABLO,28.0,988.8106682016804,q70
2017-01-27 08:00:00,PUENTE DEL DIABLO,30.809,1088.0095670223418,q70
2017-01-28 08:00:00,PUENTE DEL DIABLO,26.5,935.8386681194474,q70
2017-01-29 08:00:00,PUENTE DEL DIABLO,23.949,845.7509533129302,q70
2017-01-30 08:00:00,PUENTE DEL DIABLO,24.0,847.552001315726,q70
2017-01-31 08:00:00,PUENTE DEL DIABLO,24.005,847.7285746493335,q70
2017-02-01 08:00:00,PUENTE DEL DIABLO,6.416,226.57890168507078,q25
2017-02-02 08:00:00,PUENTE DEL DIABLO,15.718,555.0759315283576,q70
2017-02-03 08:00:00,PUENTE DEL DIABLO,15.0,529.7200008223288,q70
2017-02-04 08:00:00,PUENTE DEL DIABLO,58.0,2048.250669846338,q70
2017-02-05 08:00:00,PUENTE DEL DIABLO,7.9,278.98586709975984,q50
2017-02-06 08:00:00,PUENTE DEL DIABLO,8.6,303.7061338048018,q50
2017-02-07 08:00:00,PUENTE DEL DIABLO,8.05,284.28306710798313,q50
2017-02-08 08:00:00,PUENTE DEL DIABLO,8.741,308.6855018125317,q70
2017-02-09 08:00:00,PUENTE DEL DIABLO,9.25,326.6606671737694,q70
2017-02-10 08:00:00,PUENTE DEL DIABLO,8.99,317.4788538261824,q70
2017-02-11 08:00:00,PUENTE DEL DIABLO,9.044,319.3858458291428,q70
2017-02-12 08:00:00,PUENTE DEL DIABLO,9.049,319.5624191627502,q70
2017-02-13 08:00:00,PUENTE DEL DIABLO,7.9,278.98586709975984,q50
2017-02-14 08:00:00,PUENTE DEL DIABLO,7.629,269.4155924182364,q50
2017-02-15 08:00:00,PUENTE DEL DIABLO,7.9,278.98586709975984,q50
2017-02-16 08:00:00,PUENTE DEL DIABLO,7.905,279.1624404333673,q50
2017-02-17 08:00:00,PUENTE DEL DIABLO,8.1,286.0488004440575,q50
2017-02-18 08:00:00,PUENTE DEL DIABLO,10.426,368.19071523824,q70
2017-02-19 08:00:00,PUENTE DEL DIABLO,7.7,271.9229337554621,q50
2017-02-20 08:00:00,PUENTE DEL DIABLO,9.65,340.7865338623649,q70
2017-02-21 08:00:00,PUENTE DEL DIABLO,7.7,271.9229337554621,q50
2017-02-22 08:00:00,PUENTE DEL DIABLO,7.9,278.98586709975984,q50
2017-02-23 08:00:00,PUENTE DEL DIABLO,8.05,284.28306710798313,q50
2017-02-24 08:00:00,PUENTE DEL DIABLO,10.37,366.2130939018366,q70
2017-02-25 08:00:00,PUENTE DEL DIABLO,10.0,353.14666721488584,q70
2017-02-26 08:00:00,PUENTE DEL DIABLO,35.0,1236.0133352521004,q70
2017-02-27 08:00:00,PUENTE DEL DIABLO,12.4,437.90186734645846,q70
2017-02-28 08:00:00,PUENTE DEL DIABLO,16.0,565.0346675438174,q70
2017-03-01 08:00:00,PUENTE DEL DIABLO,6.39,225.66072035031203,q25
2017-03-02 08:00:00,PUENTE DEL DIABLO,14.5,512.0626674615845,q70
2017-03-03 08:00:00,PUENTE DEL DIABLO,12.0,423.776000657863,q70
2017-03-04 08:00:00,PUENTE DEL DIABLO,80.0,2825.1733377190867,q70
2017-03-05 08:00:00,PUENTE DEL DIABLO,7.0,247.2026670504201,q50
2017-03-06 08:00:00,PUENTE DEL DIABLO,8.038,283.85929110732525,q50
2017-03-07 08:00:00,PUENTE DEL DIABLO,7.8,275.45440042761095,q50
2017-03-08 08:00:00,PUENTE DEL DIABLO,8.75,309.0033338130251,q70
2017-03-09 08:00:00,PUENTE DEL DIABLO,9.214,325.3893391717958,q70
2017-03-10 08:00:00,PUENTE DEL DIABLO,8.906,314.51242182157733,q70
2017-03-11 08:00:00,PUENTE DEL DIABLO,9.0,317.8320004933973,q70
2017-03-12 08:00:00,PUENTE DEL DIABLO,9.0,317.8320004933973,q70
2017-03-13 08:00:00,PUENTE DEL DIABLO,24.0,847.552001315726,q70
2017-03-14 08:00:00,PUENTE DEL DIABLO,40.0,1412.5866688595434,q70
2017-03-15 08:00:00,PUENTE DEL DIABLO,60.0,2118.880003289315,q70
2017-03-16 08:00:00,PUENTE DEL DIABLO,80.0,2825.1733377190867,q70
2017-03-17 08:00:00,PUENTE DEL DIABLO,65.0,2295.453336896758,q70
2017-03-18 08:00:00,PUENTE DEL DIABLO,35.0,1236.0133352521004,q70
2017-03-19 08:00:00,PUENTE DEL DIABLO,16.5,582.6920009045616,q70
2017-03-20 08:00:00,PUENTE DEL DIABLO,16.0,565.0346675438174,q70
2017-03-21 08:00:00,PUENTE DEL DIABLO,17.8,628.6010676424968,q70
2017-03-22 08:00:00,PUENTE DEL DIABLO,17.0,600.349334265306,q70
2017-03-23 08:00:00,PUENTE DEL DIABLO,17.41,614.8283476211162,q70
2017-03-24 08:00:00,PUENTE DEL DIABLO,25.19,889.5764547142975,q70
2017-03-25 08:00:00,PUENTE DEL DIABLO,14.859,524.7406328145989,q70
2017-03-26 08:00:00,PUENTE DEL DIABLO,12.5,441.4333340186073,q70
2017-03-27 08:00:00,PUENTE DEL DIABLO,12.0,423.776000657863,q70
2017-03-28 08:00:00,PUENTE DEL DIABLO,11.8,416.7130673135653,q70
2017-03-29 08:00:00,PUENTE DEL DIABLO,14.515,512.5923874624068,q70
2017-03-30 08:00:00,PUENTE DEL DIABLO,12.2,430.8389340021607,q70
2017-03-31 08:00:00,PUENTE DEL DIABLO,35.0,1236.0133352521004,q70
2017-04-01 08:00:00,PUENTE DEL DIABLO,10.0,353.14666721488584,q70
2017-04-02 08:00:00,PUENTE DEL DIABLO,12.786,451.533328700953,q70
2017-04-03 08:00:00,PUENTE DEL DIABLO,12.5,441.4333340186073,q70
2017-04-04 08:00:00,PUENTE DEL DIABLO,55.0,1942.306669681872,q70
2017-04-05 08:00:00,PUENTE DEL DIABLO,7.711,272.3113950893985,q50
2017-04-06 08:00:00,PUENTE DEL DIABLO,7.85,277.2201337636854,q50
2017-04-07 08:00:00,PUENTE DEL DIABLO,8.4,296.64320046050415,q50
2017-04-08 08:00:00,PUENTE DEL DIABLO,8.7,307.23760047695066,q70
2017-04-09 08:00:00,PUENTE DEL DIABLO,8.65,305.47186714087627,q50
2017-04-10 08:00:00,PUENTE DEL DIABLO,8.95,316.0662671573228,q70
2017-04-11 08:00:00,PUENTE DEL DIABLO,9.322,329.2033231777166,q70
2017-04-12 08:00:00,PUENTE DEL DIABLO,9.029,318.85612582832044,q70
2017-04-13 08:00:00,PUENTE DEL DIABLO,10.9,384.9298672642256,q70
2017-04-14 08:00:00,PUENTE DEL DIABLO,11.08,391.28650727409354,q70
2017-04-15 08:00:00,PUENTE DEL DIABLO,10.9,384.9298672642256,q70
2017-04-16 08:00:00,PUENTE DEL DIABLO,10.91,385.28301393144045,q70
2017-04-17 08:00:00,PUENTE DEL DIABLO,11.5,406.11866729711875,q70
2017-04-18 08:00:00,PUENTE DEL DIABLO,11.947,421.9043233216241,q70
2017-04-19 08:00:00,PUENTE DEL DIABLO,10.5,370.80400057563014,q70
2017-04-20 08:00:00,PUENTE DEL DIABLO,9.69,342.19912053122437,q70
2017-04-21 08:00:00,PUENTE DEL DIABLO,9.5,335.48933385414153,q70
2017-04-22 08:00:00,PUENTE DEL DIABLO,9.098,321.29283783210315,q70
2017-04-23 08:00:00,PUENTE DEL DIABLO,9.1,321.3634671655461,q70
2017-04-24 08:00:00,PUENTE DEL DIABLO,6.39,225.66072035031203,q25
2017-04-25 08:00:00,PUENTE DEL DIABLO,6.4,226.01386701752696,q25
2017-04-26 08:00:00,PUENTE DEL DIABLO,6.84,241.55232037498192,q25
2017-04-27 08:00:00,PUENTE DEL DIABLO,6.85,241.9054670421968,q25
2017-04-28 08:00:00,PUENTE DEL DIABLO,6.96,245.79008038156056,q50
2017-04-29 08:00:00,PUENTE DEL DIABLO,7.0,247.2026670504201,q50
2017-04-30 08:00:00,PUENTE DEL DIABLO,6.9,243.67120037827124,q25
2017-05-01 08:00:00,PUENTE DEL DIABLO,26.0,918.1813347587032,q70
2017-05-02 08:00:00,PUENTE DEL DIABLO,11.5,406.11866729711875,q70
2017-05-03 08:00:00,PUENTE DEL DIABLO,10.4,367.2725339034813,q70
2017-05-04 08:00:00,PUENTE DEL DIABLO,30.0,1059.4400016446575,q70
2017-05-05 08:00:00,PUENTE DEL DIABLO,7.9,278.98586709975984,q50
2017-05-06 08:00:00,PUENTE DEL DIABLO,7.83,276.5138404292556,q50
2017-05-07 08:00:00,PUENTE DEL DIABLO,7.988,282.09355777125086,q50
2017-05-08 08:00:00,PUENTE DEL DIABLO,9.13,322.42290716719083,q70
2017-05-09 08:00:00,PUENTE DEL DIABLO,9.22,325.60122717212477,q70
2017-05-10 08:00:00,PUENTE DEL DIABLO,9.003,317.93794449356176,q70
2017-05-11 08:00:00,PUENTE DEL DIABLO,9.3,328.42640050984386,q70
2017-05-12 08:00:00,PUENTE DEL DIABLO,8.9,314.3005338212484,q70
2017-05-13 08:00:00,PUENTE DEL DIABLO,7.45,263.09426707509,q50
2017-05-14 08:00:00,PUENTE DEL DIABLO,7.448,263.023637741647,q50
2017-05-15 08:00:00,PUENTE DEL DIABLO,7.45,263.09426707509,q50
2017-05-16 08:00:00,PUENTE DEL DIABLO,7.549,266.59041908051734,q50
2017-05-17 08:00:00,PUENTE DEL DIABLO,7.45,263.09426707509,q50
2017-05-18 08:00:00,PUENTE DEL DIABLO,7.422,262.10545640688827,q50
2017-05-19 08:00:00,PUENTE DEL DIABLO,7.45,263.09426707509,q50
2017-05-20 08:00:00,PUENTE DEL DIABLO,7.69,271.5697870882472,q50
2017-05-21 08:00:00,PUENTE DEL DIABLO,7.45,263.09426707509,q50
2017-05-22 08:00:00,PUENTE DEL DIABLO,8.311,293.50019512229164,q50
2017-05-23 08:00:00,PUENTE DEL DIABLO,7.7,271.9229337554621,q50
2017-05-24 08:00:00,PUENTE DEL DIABLO,7.64,269.80405375217276,q50
2017-05-25 08:00:00,PUENTE DEL DIABLO,9.5,335.48933385414153,q70
2017-05-26 08:00:00,PUENTE DEL DIABLO,9.91,349.9683472099519,q70
2017-05-27 08:00:00,PUENTE DEL DIABLO,7.45,263.09426707509,q50
2017-05-28 08:00:00,PUENTE DEL DIABLO,7.482,264.2243364101776,q50
2017-05-29 08:00:00,PUENTE DEL DIABLO,7.52,265.5662937455941,q50
2017-05-30 08:00:00,PUENTE DEL DIABLO,7.634,269.5921657518439,q50
2017-05-31 08:00:00,PUENTE DEL DIABLO,7.6,268.3914670833132,q50
2017-06-01 08:00:00,PUENTE DEL DIABLO,9.5,335.48933385414153,q70
2017-06-02 08:00:00,PUENTE DEL DIABLO,13.063,461.3154913828054,q70
2017-06-03 08:00:00,PUENTE DEL DIABLO,8.3,293.11173378835525,q50
2017-06-04 08:00:00,PUENTE DEL DIABLO,18.0,635.6640009867946,q70
2017-06-05 08:00:00,PUENTE DEL DIABLO,8.08,285.3425071096278,q50
2017-06-06 00:00:00,PUENTE DEL DIABLO,7.8,275.45440042761095,q50
2017-06-07 08:00:00,PUENTE DEL DIABLO,8.05,284.28306710798313,q50
2017-06-08 08:00:00,PUENTE DEL DIABLO,9.1,321.3634671655461,q70
2017-06-09 08:00:00,PUENTE DEL DIABLO,9.3,328.42640050984386,q70
2017-06-10 08:00:00,PUENTE DEL DIABLO,9.1,321.3634671655461,q70
2017-06-11 08:00:00,PUENTE DEL DIABLO,9.044,319.3858458291428,q70
2017-06-12 08:00:00,PUENTE DEL DIABLO,9.093,321.1162644984957,q70
2017-06-13 08:00:00,PUENTE DEL DIABLO,8.086,285.5543951099567,q50
2017-06-14 08:00:00,PUENTE DEL DIABLO,8.1,286.0488004440575,q50
2017-06-15 08:00:00,PUENTE DEL DIABLO,8.042,284.0005497742112,q50
2017-06-16 08:00:00,PUENTE DEL DIABLO,7.85,277.2201337636854,q50
2017-06-17 08:00:00,PUENTE DEL DIABLO,8.006,282.7292217722376,q50
2017-06-18 08:00:00,PUENTE DEL DIABLO,8.0,282.5173337719087,q50
2017-06-19 08:00:00,PUENTE DEL DIABLO,8.034,283.7180324404393,q50
2017-06-20 08:00:00,PUENTE DEL DIABLO,7.85,277.2201337636854,q50
2017-06-21 08:00:00,PUENTE DEL DIABLO,9.208,325.1774511714669,q70
2017-06-22 08:00:00,PUENTE DEL DIABLO,8.05,284.28306710798313,q50
2017-06-23 08:00:00,PUENTE DEL DIABLO,7.939,280.3631391018979,q50
2017-06-24 08:00:00,PUENTE DEL DIABLO,8.05,284.28306710798313,q50
2017-06-25 08:00:00,PUENTE DEL DIABLO,8.05,284.28306710798313,q50
2017-06-26 08:00:00,PUENTE DEL DIABLO,7.85,277.2201337636854,q50
2017-06-27 08:00:00,PUENTE DEL DIABLO,7.623,269.2037044179075,q50
2017-06-28 00:00:00,PUENTE DEL DIABLO,8.05,284.28306710798313,q50
2017-06-28 08:00:00,PUENTE DEL DIABLO,8.05,284.28306710798313,q50
2017-06-29 08:00:00,PUENTE DEL DIABLO,7.981,281.84635510420037,q50
2017-06-30 08:00:00,PUENTE DEL DIABLO,7.85,277.2201337636854,q50
2017-07-01 08:00:00,PUENTE DEL DIABLO,8.0,282.5173337719087,q50
2017-07-02 08:00:00,PUENTE DEL DIABLO,8.0,282.5173337719087,q50
2017-07-03 08:00:00,PUENTE DEL DIABLO,8.0,282.5173337719087,q50
2017-07-04 08:00:00,PUENTE DEL DIABLO,10.5,370.80400057563014,q70
2017-07-05 08:00:00,PUENTE DEL DIABLO,7.8,275.45440042761095,q50
2017-07-06 08:00:00,PUENTE DEL DIABLO,7.775,274.57153375957375,q50
2017-07-07 08:00:00,PUENTE DEL DIABLO,8.0,282.5173337719087,q50
2017-07-08 08:00:00,PUENTE DEL DIABLO,8.7,307.23760047695066,q70
2017-07-09 08:00:00,PUENTE DEL DIABLO,8.69,306.88445380973576,q50
2017-07-10 08:00:00,PUENTE DEL DIABLO,9.333,329.591784511653,q70
2017-07-11 08:00:00,PUENTE DEL DIABLO,9.05,319.59773382947174,q70
2017-07-12 08:00:00,PUENTE DEL DIABLO,9.2,324.89493383769496,q70
2017-07-13 08:00:00,PUENTE DEL DIABLO,10.607,374.5826699148294,q70
2017-07-14 08:00:00,PUENTE DEL DIABLO,8.7,307.23760047695066,q70
2017-07-15 08:00:00,PUENTE DEL DIABLO,8.019,283.188312439617,q50
2017-07-16 08:00:00,PUENTE DEL DIABLO,8.05,284.28306710798313,q50
2017-07-17 08:00:00,PUENTE DEL DIABLO,9.108,321.64598449931805,q70
2017-07-18 08:00:00,PUENTE DEL DIABLO,8.62,304.41242713923157,q50
2017-07-19 08:00:00,PUENTE DEL DIABLO,9.731,343.6470218668054,q70
2017-07-20 08:00:00,PUENTE DEL DIABLO,6.1,215.41946700108036,q25
2017-07-21 08:00:00,PUENTE DEL DIABLO,8.452,298.4795631300215,q50
2017-07-22 08:00:00,PUENTE DEL DIABLO,8.5,300.174667132653,q50
2017-07-23 08:00:00,PUENTE DEL DIABLO,9.234,326.09563250622557,q70
2017-07-24 08:00:00,PUENTE DEL DIABLO,9.2,324.89493383769496,q70
2017-07-25 08:00:00,PUENTE DEL DIABLO,8.561,302.32886180266377,q50
2017-07-26 08:00:00,PUENTE DEL DIABLO,9.1,321.3634671655461,q70
2017-07-27 08:00:00,PUENTE DEL DIABLO,9.132,322.49353650063375,q70
2017-07-28 08:00:00,PUENTE DEL DIABLO,8.7,307.23760047695066,q70
2017-07-29 08:00:00,PUENTE DEL DIABLO,9.17,323.8354938360503,q70
2017-07-30 08:00:00,PUENTE DEL DIABLO,9.2,324.89493383769496,q70
2017-07-31 08:00:00,PUENTE DEL DIABLO,8.633,304.87151780661094,q50
2017-08-01 08:00:00,PUENTE DEL DIABLO,10.0,353.14666721488584,q70
2017-08-02 08:00:00,PUENTE DEL DIABLO,6.816,240.70476837366618,q25
2017-08-03 08:00:00,PUENTE DEL DIABLO,7.0,247.2026670504201,q50
2017-08-04 08:00:00,PUENTE DEL DIABLO,10.15,358.4438672231091,q70
2017-08-05 08:00:00,PUENTE DEL DIABLO,7.6,268.3914670833132,q50
2017-08-06 08:00:00,PUENTE DEL DIABLO,7.77,274.3949604259663,q50
2017-08-07 08:00:00,PUENTE DEL DIABLO,7.9,278.98586709975984,q50
2017-08-08 08:00:00,PUENTE DEL DIABLO,9.14,322.7760538344057,q70
2017-08-09 08:00:00,PUENTE DEL DIABLO,9.25,326.6606671737694,q70
2017-08-10 08:00:00,PUENTE DEL DIABLO,8.95,316.0662671573228,q70
2017-08-11 08:00:00,PUENTE DEL DIABLO,7.776,274.60684842629524,q50
2017-08-12 08:00:00,PUENTE DEL DIABLO,9.121,322.1050751666974,q70
2017-08-13 08:00:00,PUENTE DEL DIABLO,9.3,328.42640050984386,q70
2017-08-14 08:00:00,PUENTE DEL DIABLO,9.081,320.6924884978378,q70
2017-08-15 08:00:00,PUENTE DEL DIABLO,9.1,321.3634671655461,q70
2017-08-16 08:00:00,PUENTE DEL DIABLO,8.72,307.94389381138046,q70
2017-08-17 08:00:00,PUENTE DEL DIABLO,9.2,324.89493383769496,q70
2017-08-18 08:00:00,PUENTE DEL DIABLO,8.698,307.16697114350774,q50
2017-08-19 08:00:00,PUENTE DEL DIABLO,9.1,321.3634671655461,q70
2017-08-20 08:00:00,PUENTE DEL DIABLO,9.092,321.0809498317742,q70
2017-08-21 08:00:00,PUENTE DEL DIABLO,9.1,321.3634671655461,q70
2017-08-22 08:00:00,PUENTE DEL DIABLO,8.596,303.56487513791586,q50
2017-08-23 08:00:00,PUENTE DEL DIABLO,8.65,305.47186714087627,q50
2017-08-24 08:00:00,PUENTE DEL DIABLO,9.014,318.3264058274981,q70
2017-08-25 08:00:00,PUENTE DEL DIABLO,9.1,321.3634671655461,q70
2017-08-26 08:00:00,PUENTE DEL DIABLO,9.104,321.50472583243203,q70
2017-08-27 08:00:00,PUENTE DEL DIABLO,8.85,312.53480048517395,q70
2017-08-28 08:00:00,PUENTE DEL DIABLO,8.879,313.55892582009716,q70
2017-08-29 08:00:00,PUENTE DEL DIABLO,9.1,321.3634671655461,q70
2017-08-30 08:00:00,PUENTE DEL DIABLO,8.225,290.4631337842436,q50
2017-08-31 08:00:00,PUENTE DEL DIABLO,8.75,309.0033338130251,q70
2017-09-01 08:00:00,PUENTE DEL DIABLO,8.0,282.5173337719087,q50
2017-09-02 08:00:00,PUENTE DEL DIABLO,9.5,335.48933385414153,q70
2017-09-03 07:00:00,PUENTE DEL DIABLO,8.1,286.0488004440575,q50
2017-09-04 08:00:00,PUENTE DEL DIABLO,9.8,346.08373387058816,q70
2017-09-05 08:00:00,PUENTE DEL DIABLO,7.59,268.0383204160984,q50
2017-09-06 08:00:00,PUENTE DEL DIABLO,7.82,276.16069376204075,q50
2017-09-07 08:00:00,PUENTE DEL DIABLO,8.004,282.65859243879464,q50
2017-09-08 08:00:00,PUENTE DEL DIABLO,9.13,322.42290716719083,q70
2017-09-09 08:00:00,PUENTE DEL DIABLO,9.25,326.6606671737694,q70
2017-09-10 08:00:00,PUENTE DEL DIABLO,8.915,314.8302538220707,q70
2017-09-11 08:00:00,PUENTE DEL DIABLO,8.0,282.5173337719087,q50
2017-09-12 08:00:00,PUENTE DEL DIABLO,9.3,328.42640050984386,q70
2017-09-13 08:00:00,PUENTE DEL DIABLO,9.156,323.3410885019495,q70
2017-09-14 08:00:00,PUENTE DEL DIABLO,9.15,323.1292005016206,q70
2017-09-15 08:00:00,PUENTE DEL DIABLO,9.17,323.8354938360503,q70
2017-09-16 08:00:00,PUENTE DEL DIABLO,9.2,324.89493383769496,q70
2017-09-17 08:00:00,PUENTE DEL DIABLO,9.2,324.89493383769496,q70
2017-09-18 08:00:00,PUENTE DEL DIABLO,9.2,324.89493383769496,q70
2017-09-19 08:00:00,PUENTE DEL DIABLO,9.308,328.7089178436157,q70
2017-09-20 08:00:00,PUENTE DEL DIABLO,9.2,324.89493383769496,q70
2017-09-21 08:00:00,PUENTE DEL DIABLO,9.252,326.7312965072124,q70
2017-09-22 08:00:00,PUENTE DEL DIABLO,9.05,319.59773382947174,q70
2017-09-23 08:00:00,PUENTE DEL DIABLO,8.993,317.58479782634686,q70
2017-09-24 08:00:00,PUENTE DEL DIABLO,9.25,326.6606671737694,q70
2017-09-25 08:00:00,PUENTE DEL DIABLO,9.382,331.3222031810059,q70
2017-09-26 08:00:00,PUENTE DEL DIABLO,9.05,319.59773382947174,q70
2017-09-27 08:00:00,PUENTE DEL DIABLO,9.21,325.2480805049099,q70
2017-09-28 08:00:00,PUENTE DEL DIABLO,9.4,331.9578671819927,q70
2017-09-29 08:00:00,PUENTE DEL DIABLO,9.333,329.591784511653,q70
2017-09-30 08:00:00,PUENTE DEL DIABLO,8.99,317.4788538261824,q70
2017-10-01 08:00:00,PUENTE DEL DIABLO,6.5,229.5453336896758,q25
2017-10-02 08:00:00,PUENTE DEL DIABLO,7.0,247.2026670504201,q50
2017-10-03 08:00:00,PUENTE DEL DIABLO,10.37,366.2130939018366,q70
2017-10-04 08:00:00,PUENTE DEL DIABLO,9.83,347.1431738722328,q70
2017-10-05 08:00:00,PUENTE DEL DIABLO,7.515,265.38972041198673,q50
2017-10-06 08:00:00,PUENTE DEL DIABLO,7.82,276.16069376204075,q50
2017-10-07 08:00:00,PUENTE DEL DIABLO,8.05,284.28306710798313,q50
2017-10-08 08:00:00,PUENTE DEL DIABLO,9.3,328.42640050984386,q70
2017-10-09 08:00:00,PUENTE DEL DIABLO,8.65,305.47186714087627,q50
2017-10-10 08:00:00,PUENTE DEL DIABLO,9.4,331.9578671819927,q70
2017-10-11 08:00:00,PUENTE DEL DIABLO,8.398,296.5725711270611,q50
2017-10-12 08:00:00,PUENTE DEL DIABLO,9.163,323.5882911689999,q70
2017-10-13 08:00:00,PUENTE DEL DIABLO,7.893,278.7386644327094,q50
2017-10-14 08:00:00,PUENTE DEL DIABLO,8.6,303.7061338048018,q50
2017-10-15 08:00:00,PUENTE DEL DIABLO,8.603,303.8120778049663,q50
2017-10-16 08:00:00,PUENTE DEL DIABLO,8.6,303.7061338048018,q50
2017-10-17 08:00:00,PUENTE DEL DIABLO,9.121,322.1050751666974,q70
2017-10-18 08:00:00,PUENTE DEL DIABLO,8.7,307.23760047695066,q70
2017-10-19 08:00:00,PUENTE DEL DIABLO,8.899,314.2652191545269,q70
2017-10-20 08:00:00,PUENTE DEL DIABLO,8.9,314.3005338212484,q70
2017-10-21 08:00:00,PUENTE DEL DIABLO,9.054,319.73899249635764,q70
2017-10-22 08:00:00,PUENTE DEL DIABLO,9.3,328.42640050984386,q70
2017-10-23 08:00:00,PUENTE DEL DIABLO,9.34,329.8389871787034,q70
2017-10-24 08:00:00,PUENTE DEL DIABLO,9.25,326.6606671737694,q70
2017-10-25 08:00:00,PUENTE DEL DIABLO,9.296,328.28514184295784,q70
2017-10-26 08:00:00,PUENTE DEL DIABLO,9.1,321.3634671655461,q70
2017-10-27 08:00:00,PUENTE DEL DIABLO,9.021,318.5736084945486,q70
2017-10-28 08:00:00,PUENTE DEL DIABLO,9.15,323.1292005016206,q70
2017-10-29 08:00:00,PUENTE DEL DIABLO,8.821,311.5106751502508,q70
2017-10-30 08:00:00,PUENTE DEL DIABLO,9.15,323.1292005016206,q70
2017-10-31 08:00:00,PUENTE DEL DIABLO,9.058,319.8802511632436,q70
2017-11-01 08:00:00,PUENTE DEL DIABLO,7.5,264.8600004111644,q50
2017-11-02 08:00:00,PUENTE DEL DIABLO,9.0,317.8320004933973,q70
2017-11-03 08:00:00,PUENTE DEL DIABLO,35.0,1236.0133352521004,q70
2017-11-04 08:00:00,PUENTE DEL DIABLO,9.85,347.84946720666255,q70
2017-11-05 08:00:00,PUENTE DEL DIABLO,7.71,272.276080422677,q50
2017-11-06 08:00:00,PUENTE DEL DIABLO,7.789,275.06593909367456,q50
2017-11-07 08:00:00,PUENTE DEL DIABLO,8.627,304.65962980628206,q50
2017-11-08 08:00:00,PUENTE DEL DIABLO,9.13,322.42290716719083,q70
2017-11-09 08:00:00,PUENTE DEL DIABLO,8.71,307.5907471441656,q70
2017-11-10 08:00:00,PUENTE DEL DIABLO,9.027,318.7854964948774,q70
2017-11-12 08:00:00,PUENTE DEL DIABLO,9.2,324.89493383769496,q70
2017-11-14 08:00:00,PUENTE DEL DIABLO,7.827,276.4078964290911,q50
2017-11-15 08:00:00,PUENTE DEL DIABLO,8.2,289.58026711620636,q50
2017-11-16 08:00:00,PUENTE DEL DIABLO,8.434,297.8438991290347,q50
2017-11-17 08:00:00,PUENTE DEL DIABLO,8.4,296.64320046050415,q50
2017-11-18 08:00:00,PUENTE DEL DIABLO,8.406,296.8550884608331,q50
2017-11-19 08:00:00,PUENTE DEL DIABLO,8.4,296.64320046050415,q50
2017-11-20 08:00:00,PUENTE DEL DIABLO,8.93,315.35997382289304,q70
2017-11-21 08:00:00,PUENTE DEL DIABLO,8.9,314.3005338212484,q70
2017-11-22 08:00:00,PUENTE DEL DIABLO,9.01,318.18514716061213,q70
2017-11-23 08:00:00,PUENTE DEL DIABLO,9.0,317.8320004933973,q70
2017-11-24 08:00:00,PUENTE DEL DIABLO,7.993,282.27013110485825,q50
2017-11-25 08:00:00,PUENTE DEL DIABLO,8.5,300.174667132653,q50
2017-11-26 08:00:00,PUENTE DEL DIABLO,8.494,299.96277913232404,q50
2017-11-27 08:00:00,PUENTE DEL DIABLO,9.0,317.8320004933973,q70
2017-11-28 08:00:00,PUENTE DEL DIABLO,8.53,301.23410713429763,q50
2017-11-29 08:00:00,PUENTE DEL DIABLO,9.5,335.48933385414153,q70
2017-11-30 08:00:00,PUENTE DEL DIABLO,9.01,318.18514716061213,q70
2017-12-01 08:00:00,PUENTE DEL DIABLO,8.5,300.174667132653,q50
2017-12-02 08:00:00,PUENTE DEL DIABLO,8.183,288.9799177819411,q50
2017-12-03 08:00:00,PUENTE DEL DIABLO,19.0,670.9786677082831,q70
2017-12-04 08:00:00,PUENTE DEL DIABLO,11.089,391.60433927458695,q70
2017-12-05 08:00:00,PUENTE DEL DIABLO,7.74,273.33552042432166,q50
2017-12-06 08:00:00,PUENTE DEL DIABLO,7.79,275.1012537603961,q50
2017-12-07 08:00:00,PUENTE DEL DIABLO,7.98,281.81104043747894,q50
2017-12-08 08:00:00,PUENTE DEL DIABLO,9.142,322.84668316784865,q70
2017-12-09 08:00:00,PUENTE DEL DIABLO,9.25,326.6606671737694,q70
2017-12-10 08:00:00,PUENTE DEL DIABLO,8.95,316.0662671573228,q70
2017-12-12 08:00:00,PUENTE DEL DIABLO,9.01,318.18514716061213,q70
2017-12-13 08:00:00,PUENTE DEL DIABLO,9.1,321.3634671655461,q70
2017-12-14 08:00:00,PUENTE DEL DIABLO,8.56,302.2935471359423,q50
2017-12-15 08:00:00,PUENTE DEL DIABLO,9.02,318.53829382782703,q70
2017-12-16 08:00:00,PUENTE DEL DIABLO,8.75,309.0033338130251,q70
2017-12-17 08:00:00,PUENTE DEL DIABLO,9.02,318.53829382782703,q70
2017-12-18 08:00:00,PUENTE DEL DIABLO,8.589,303.3176724708655,q50
2017-12-19 08:00:00,PUENTE DEL DIABLO,9.25,326.6606671737694,q70
2017-12-20 08:00:00,PUENTE DEL DIABLO,9.237,326.20157650639004,q70
2017-12-21 08:00:00,PUENTE DEL DIABLO,10.2,360.2096005591835,q70
2017-12-22 08:00:00,PUENTE DEL DIABLO,10.496,370.6627419087442,q70
2017-12-23 08:00:00,PUENTE DEL DIABLO,9.5,335.48933385414153,q70
2017-12-24 08:00:00,PUENTE DEL DIABLO,9.738,343.89422453385583,q70
2017-12-25 08:00:00,PUENTE DEL DIABLO,9.4,331.9578671819927,q70
2017-12-26 08:00:00,PUENTE DEL DIABLO,9.422,332.7347898498655,q70
2017-12-27 08:00:00,PUENTE DEL DIABLO,9.05,319.59773382947174,q70
2017-12-28 08:00:00,PUENTE DEL DIABLO,9.703,342.65821119860374,q70
2017-12-29 08:00:00,PUENTE DEL DIABLO,9.7,342.55226719843927,q70
2017-12-30 08:00:00,PUENTE DEL DIABLO,11.751,414.98264864421236,q70
2017-12-31 08:00:00,PUENTE DEL DIABLO,12.1,427.3074673300119,q70
2018-01-01 08:00:00,PUENTE DEL DIABLO,12.32,435.07669400873937,q70
2018-01-02 08:00:00,PUENTE DEL DIABLO,19.787,698.7713104180946,q70
2018-01-03 08:00:00,PUENTE DEL DIABLO,13.789,486.9539394226061,q70
2018-01-04 08:00:00,PUENTE DEL DIABLO,18.316,646.8234356707849,q70
2018-01-05 08:00:00,PUENTE DEL DIABLO,12.522,442.2102566864801,q70
2018-01-06 08:00:00,PUENTE DEL DIABLO,8.075,285.1659337760203,q50
2018-01-07 08:00:00,PUENTE DEL DIABLO,9.501,335.524648520863,q70
2018-01-10 08:00:00,PUENTE DEL DIABLO,12.986,458.5962620452508,q70
2018-01-11 08:00:00,PUENTE DEL DIABLO,10.674,376.94875258516913,q70
2018-01-12 08:00:00,PUENTE DEL DIABLO,10.733,379.032317921737,q70
2018-01-13 08:00:00,PUENTE DEL DIABLO,10.02,353.8529605493156,q70
2018-01-14 08:00:00,PUENTE DEL DIABLO,8.5,300.174667132653,q50
2018-01-15 08:00:00,PUENTE DEL DIABLO,8.407,296.8904031275545,q50
2018-01-16 08:00:00,PUENTE DEL DIABLO,10.1,356.6781338870347,q70
2018-01-17 08:00:00,PUENTE DEL DIABLO,10.483,370.20365124136487,q70
2018-01-18 08:00:00,PUENTE DEL DIABLO,10.4,367.2725339034813,q70
2018-01-19 08:00:00,PUENTE DEL DIABLO,10.53,371.8634405772748,q70
2018-01-20 08:00:00,PUENTE DEL DIABLO,10.5,370.80400057563014,q70
2018-01-21 08:00:00,PUENTE DEL DIABLO,10.726,378.7851152546866,q70
2018-01-22 08:00:00,PUENTE DEL DIABLO,10.5,370.80400057563014,q70
2018-01-23 08:00:00,PUENTE DEL DIABLO,18.365,648.5538543401378,q70
2018-01-24 08:00:00,PUENTE DEL DIABLO,25.0,882.8666680372146,q70
2018-01-26 08:00:00,PUENTE DEL DIABLO,31.0,1094.7546683661462,q70
2018-01-27 00:00:00,PUENTE DEL DIABLO,21.275,751.3195344996695,q70
2018-01-27 08:00:00,PUENTE DEL DIABLO,21.275,751.3195344996695,q70
2018-01-28 00:00:00,PUENTE DEL DIABLO,20.1,709.8248011019206,q70
2018-01-28 08:00:00,PUENTE DEL DIABLO,20.1,709.8248011019206,q70
2018-01-29 00:00:00,PUENTE DEL DIABLO,20.328,717.87654511442,q70
2018-01-29 08:00:00,PUENTE DEL DIABLO,20.328,717.87654511442,q70
2018-01-30 08:00:00,PUENTE DEL DIABLO,20.1,709.8248011019206,q70
2018-01-31 08:00:00,PUENTE DEL DIABLO,19.513,689.0950917364069,q70
2018-02-01 08:00:00,PUENTE DEL DIABLO,11.7,413.1816006414164,q70
2018-02-02 08:00:00,PUENTE DEL DIABLO,20.035,707.5293477650238,q70
2018-02-03 08:00:00,PUENTE DEL DIABLO,10.519,371.47497924333845,q70
2018-02-04 08:00:00,PUENTE DEL DIABLO,19.607,692.4146704082267,q70
2018-02-05 08:00:00,PUENTE DEL DIABLO,11.357,401.06866995594584,q70
2018-02-09 08:00:00,PUENTE DEL DIABLO,10.47,369.7445605739855,q70
2018-02-10 08:00:00,PUENTE DEL DIABLO,11.653,411.5218113055065,q70
2018-02-13 08:00:00,PUENTE DEL DIABLO,12.041,425.2239019934441,q70
2018-02-14 08:00:00,PUENTE DEL DIABLO,14.275,504.1168674492496,q70
2018-02-15 08:00:00,PUENTE DEL DIABLO,12.475,440.5504673505701,q70
2018-02-16 08:00:00,PUENTE DEL DIABLO,13.707,484.05813675144407,q70
2018-02-17 08:00:00,PUENTE DEL DIABLO,18.87,666.3877610344896,q70
2018-02-18 08:00:00,PUENTE DEL DIABLO,12.908,455.8417180409746,q70
2018-02-19 08:00:00,PUENTE DEL DIABLO,18.118,639.8311316599302,q70
2018-02-20 08:00:00,PUENTE DEL DIABLO,16.901,596.8531822598786,q70
2018-02-21 08:00:00,PUENTE DEL DIABLO,13.705,483.9875074180011,q70
2018-02-22 08:00:00,PUENTE DEL DIABLO,13.693,483.5637314173432,q70
2018-02-23 08:00:00,PUENTE DEL DIABLO,14.237,502.77491011383296,q70
2018-02-24 08:00:00,PUENTE DEL DIABLO,16.99,599.996187598091,q70
2018-02-25 08:00:00,PUENTE DEL DIABLO,14.328,505.98854478548844,q70
2018-02-26 08:00:00,PUENTE DEL DIABLO,14.229,502.49239278006104,q70
2018-02-27 08:00:00,PUENTE DEL DIABLO,17.151,605.6818489402507,q70
2018-02-28 08:00:00,PUENTE DEL DIABLO,15.191,536.4651021661331,q70
2018-03-01 08:00:00,PUENTE DEL DIABLO,12.157,429.3204033331367,q70
2018-03-02 08:00:00,PUENTE DEL DIABLO,20.03,707.3527744314164,q70
2018-03-03 08:00:00,PUENTE DEL DIABLO,10.6,374.335467247779,q70
2018-03-04 08:00:00,PUENTE DEL DIABLO,13.68,483.10464074996383,q70
2018-03-06 08:00:00,PUENTE DEL DIABLO,8.669,306.1428458085846,q50
2018-03-07 08:00:00,PUENTE DEL DIABLO,9.7,342.55226719843927,q70
2018-03-10 08:00:00,PUENTE DEL DIABLO,13.121,463.36374205265173,q70
2018-03-11 08:00:00,PUENTE DEL DIABLO,10.729,378.891059254851,q70
2018-03-12 08:00:00,PUENTE DEL DIABLO,10.595,374.1588939141716,q70
2018-03-13 08:00:00,PUENTE DEL DIABLO,14.206,501.6801554454668,q70
2018-03-14 08:00:00,PUENTE DEL DIABLO,13.733,484.97631808620275,q70
2018-03-15 08:00:00,PUENTE DEL DIABLO,19.303,681.6790117248942,q70
2018-03-16 08:00:00,PUENTE DEL DIABLO,20.065,708.5887877666685,q70
2018-03-17 08:00:00,PUENTE DEL DIABLO,19.967,705.1279504279626,q70
2018-03-18 08:00:00,PUENTE DEL DIABLO,29.632,1046.4442042911498,q70
2018-03-19 08:00:00,PUENTE DEL DIABLO,20.039,707.6706064319098,q70
2018-03-20 08:00:00,PUENTE DEL DIABLO,21.476,758.4177825106888,q70
2018-03-21 08:00:00,PUENTE DEL DIABLO,21.7,766.3282678563023,q70
2018-03-22 08:00:00,PUENTE DEL DIABLO,52.8,1864.614402894597,q70
2018-03-23 08:00:00,PUENTE DEL DIABLO,80.0,2825.1733377190867,q70
2018-03-24 08:00:00,PUENTE DEL DIABLO,54.319,1918.2573816445386,q70
2018-03-25 08:00:00,PUENTE DEL DIABLO,66.449,2346.6242889761947,q70
2018-03-26 08:00:00,PUENTE DEL DIABLO,43.059,1520.6142343605768,q70
2018-03-27 08:00:00,PUENTE DEL DIABLO,30.337,1071.3410443297992,q70
2018-03-28 08:00:00,PUENTE DEL DIABLO,28.553,1008.3396788986636,q70
2018-03-29 08:00:00,PUENTE DEL DIABLO,26.009,918.4991667591967,q70
2018-03-30 08:00:00,PUENTE DEL DIABLO,23.007,812.4845372612879,q70
2018-03-31 08:00:00,PUENTE DEL DIABLO,20.114,710.3192064360214,q70
2018-04-01 08:00:00,PUENTE DEL DIABLO,9.9,349.615200542737,q70
2018-04-02 08:00:00,PUENTE DEL DIABLO,18.765,662.6797210287333,q70
2018-04-03 08:00:00,PUENTE DEL DIABLO,10.579,373.59385924662774,q70
2018-04-04 08:00:00,PUENTE DEL DIABLO,14.745,520.7147608083492,q70
2018-04-05 08:00:00,PUENTE DEL DIABLO,12.42,438.6081606808882,q70
2018-04-08 08:00:00,PUENTE DEL DIABLO,12.22,431.54522733659053,q70
2018-04-09 08:00:00,PUENTE DEL DIABLO,10.57,373.27602724613433,q70
2018-04-10 08:00:00,PUENTE DEL DIABLO,11.6,409.6501339692676,q70
2018-04-13 08:00:00,PUENTE DEL DIABLO,11.193,395.2770646136217,q70
2018-04-14 08:00:00,PUENTE DEL DIABLO,12.076,426.4599153286962,q70
2018-04-15 08:00:00,PUENTE DEL DIABLO,12.226,431.75711533691947,q70
2018-04-16 08:00:00,PUENTE DEL DIABLO,10.771,380.37427525715356,q70
2018-04-17 08:00:00,PUENTE DEL DIABLO,12.003,423.88194465802746,q70
2018-04-18 00:00:00,PUENTE DEL DIABLO,12.046,425.4004753270515,q70
2018-04-19 08:00:00,PUENTE DEL DIABLO,12.144,428.8613126657574,q70
2018-04-20 08:00:00,PUENTE DEL DIABLO,11.169,394.42951261230604,q70
2018-04-21 08:00:00,PUENTE DEL DIABLO,12.21,431.1920806693756,q70
2018-04-22 08:00:00,PUENTE DEL DIABLO,11.21,395.8774139478871,q70
2018-04-23 08:00:00,PUENTE DEL DIABLO,11.071,390.9686752736001,q70
2018-04-24 08:00:00,PUENTE DEL DIABLO,12.29,434.01725400709466,q70
2018-04-25 08:00:00,PUENTE DEL DIABLO,11.018,389.09699793736127,q70
2018-04-26 08:00:00,PUENTE DEL DIABLO,12.3,434.3704006743096,q70
2018-04-27 08:00:00,PUENTE DEL DIABLO,11.146,393.61727527771177,q70
2018-04-28 08:00:00,PUENTE DEL DIABLO,12.242,432.3221500044633,q70
2018-04-29 08:00:00,PUENTE DEL DIABLO,12.352,436.206763343827,q70
2018-04-30 08:00:00,PUENTE DEL DIABLO,11.03,389.5207739380191,q70
2018-05-01 08:00:00,PUENTE DEL DIABLO,11.463,404.8120246284236,q70
2018-05-02 08:00:00,PUENTE DEL DIABLO,18.75,662.150001027911,q70
2018-05-03 08:00:00,PUENTE DEL DIABLO,10.09,356.32498721981983,q70
2018-05-04 00:00:00,PUENTE DEL DIABLO,13.753,485.6826114206325,q70
2018-05-04 08:00:00,PUENTE DEL DIABLO,13.753,485.6826114206325,q70
2018-05-05 08:00:00,PUENTE DEL DIABLO,12.35,436.136134010384,q70
2018-05-06 08:00:00,PUENTE DEL DIABLO,8.561,302.32886180266377,q50
2018-05-07 08:00:00,PUENTE DEL DIABLO,9.57,337.9613605246458,q70
2018-05-09 08:00:00,PUENTE DEL DIABLO,0.79,27.898586709975984,q25
2018-05-10 08:00:00,PUENTE DEL DIABLO,13.323,470.49730473039244,q70
2018-05-11 08:00:00,PUENTE DEL DIABLO,11.688,412.7578246407586,q70
2018-05-12 08:00:00,PUENTE DEL DIABLO,10.787,380.9393099246974,q70
2018-05-13 08:00:00,PUENTE DEL DIABLO,9.95,351.3809338788114,q70
2018-05-14 08:00:00,PUENTE DEL DIABLO,9.969,352.0519125465197,q70
2018-05-15 08:00:00,PUENTE DEL DIABLO,10.5,370.80400057563014,q70
2018-05-16 08:00:00,PUENTE DEL DIABLO,13.56,478.86688074338525,q70
2018-05-17 08:00:00,PUENTE DEL DIABLO,12.9,455.55920070720276,q70
2018-05-18 08:00:00,PUENTE DEL DIABLO,13.509,477.0658327405893,q70
2018-05-19 08:00:00,PUENTE DEL DIABLO,13.5,476.7480007400959,q70
2018-05-20 08:00:00,PUENTE DEL DIABLO,12.546,443.0578086877958,q70
2018-05-21 08:00:00,PUENTE DEL DIABLO,10.8,381.39840059207677,q70
2018-05-22 08:00:00,PUENTE DEL DIABLO,10.507,371.0512032426806,q70
2018-05-24 08:00:00,PUENTE DEL DIABLO,9.335,329.66241384509595,q70
2018-05-26 08:00:00,PUENTE DEL DIABLO,8.668,306.10753114186303,q50
2018-05-27 08:00:00,PUENTE DEL DIABLO,9.4,331.9578671819927,q70
2018-05-28 08:00:00,PUENTE DEL DIABLO,8.559,302.2582324692208,q50
2018-05-29 08:00:00,PUENTE DEL DIABLO,8.45,298.40893379657854,q50
2018-05-30 08:00:00,PUENTE DEL DIABLO,8.494,299.96277913232404,q50
2018-06-01 08:00:00,PUENTE DEL DIABLO,10.9,384.9298672642256,q70
2018-06-02 08:00:00,PUENTE DEL DIABLO,12.18,430.132640667731,q70
2018-06-03 08:00:00,PUENTE DEL DIABLO,10.69,377.513787252713,q70
2018-06-04 00:00:00,PUENTE DEL DIABLO,13.706,484.0228220847225,q70
2018-06-04 08:00:00,PUENTE DEL DIABLO,13.706,484.0228220847225,q70
2018-06-05 08:00:00,PUENTE DEL DIABLO,12.398,437.8312380130155,q70
2018-06-08 08:00:00,PUENTE DEL DIABLO,12.09,426.954320662797,q70
2018-06-09 08:00:00,PUENTE DEL DIABLO,0.142,5.014682674451379,q25
2018-06-10 08:00:00,PUENTE DEL DIABLO,10.664,376.5956059179543,q70
2018-06-13 08:00:00,PUENTE DEL DIABLO,10.005,353.32324054849335,q70
2018-06-17 08:00:00,PUENTE DEL DIABLO,9.91,349.9683472099519,q70
2018-06-19 08:00:00,PUENTE DEL DIABLO,9.65,340.7865338623649,q70
2018-06-29 08:00:00,PUENTE DEL DIABLO,9.75,344.3180005345137,q70
2018-07-01 08:00:00,PUENTE DEL DIABLO,10.833,382.5637845938858,q70
2018-07-02 08:00:00,PUENTE DEL DIABLO,17.417,615.0755502881667,q70
2018-07-03 08:00:00,PUENTE DEL DIABLO,10.47,369.7445605739855,q70
2018-07-04 00:00:00,PUENTE DEL DIABLO,13.733,484.97631808620275,q70
2018-07-05 08:00:00,PUENTE DEL DIABLO,11.9,420.24453398571416,q70
2018-07-06 08:00:00,PUENTE DEL DIABLO,10.844,382.9522459278222,q70
2018-07-07 08:00:00,PUENTE DEL DIABLO,9.74,343.9648538672988,q70
2018-07-09 08:00:00,PUENTE DEL DIABLO,0.117,4.131816006414165,q25
2018-07-11 08:00:00,PUENTE DEL DIABLO,10.61,374.6886139149939,q70
2018-07-12 08:00:00,PUENTE DEL DIABLO,10.859,383.48196592864457,q70
2018-07-13 08:00:00,PUENTE DEL DIABLO,10.02,353.8529605493156,q70
2018-07-15 08:00:00,PUENTE DEL DIABLO,9.51,335.84248052135644,q70
2018-07-17 08:00:00,PUENTE DEL DIABLO,9.57,337.9613605246458,q70
2018-07-19 08:00:00,PUENTE DEL DIABLO,10.02,353.8529605493156,q70
2018-07-21 08:00:00,PUENTE DEL DIABLO,9.77,345.02429386894346,q70
2018-07-23 08:00:00,PUENTE DEL DIABLO,9.78,345.37744053615836,q70
2018-07-25 08:00:00,PUENTE DEL DIABLO,10.07,355.6186938853901,q70
2018-07-27 08:00:00,PUENTE DEL DIABLO,10.81,381.7515472592916,q70
2018-07-29 08:00:00,PUENTE DEL DIABLO,9.6,339.02080052629043,q70
2018-08-01 08:00:00,PUENTE DEL DIABLO,10.8,381.39840059207677,q70
2018-08-02 08:00:00,PUENTE DEL DIABLO,18.221,643.4685423322435,q70
2018-08-03 08:00:00,PUENTE DEL DIABLO,18.03,636.7234409884393,q70
2018-08-04 00:00:00,PUENTE DEL DIABLO,12.658,447.0130513606025,q70
2018-08-05 08:00:00,PUENTE DEL DIABLO,11.269,397.9609792844549,q70
2018-08-09 08:00:00,PUENTE DEL DIABLO,0.102,3.6020960055918354,q25
2018-08-10 08:00:00,PUENTE DEL DIABLO,11.681,412.5106219737081,q70
2018-08-13 08:00:00,PUENTE DEL DIABLO,11.217,396.12461661493745,q70
2018-08-16 08:00:00,PUENTE DEL DIABLO,11.84,418.12565398242486,q70
2018-08-19 08:00:00,PUENTE DEL DIABLO,10.58,373.62917391334923,q70
2018-08-23 08:00:00,PUENTE DEL DIABLO,11.85,418.4788006496397,q70
2018-08-30 08:00:00,PUENTE DEL DIABLO,10.61,374.6886139149939,q70
2018-09-01 00:00:00,PUENTE DEL DIABLO,10.629,375.35959258270213,q70
2018-09-02 08:00:00,PUENTE DEL DIABLO,17.886,631.6381289805448,q70
2018-09-03 08:00:00,PUENTE DEL DIABLO,16.72,590.4612275832891,q70
2018-09-04 00:00:00,PUENTE DEL DIABLO,14.584,515.0290994661896,q70
2018-09-05 08:00:00,PUENTE DEL DIABLO,11.3,399.055733952821,q70
2018-09-06 08:00:00,PUENTE DEL DIABLO,9.801,346.11904853730965,q70
2018-09-07 08:00:00,PUENTE DEL DIABLO,9.99,352.793520547671,q70
2018-09-08 08:00:00,PUENTE DEL DIABLO,10.5,370.80400057563014,q70
2018-09-09 08:00:00,PUENTE DEL DIABLO,0.96,33.90208005262904,q25
2018-09-11 08:00:00,PUENTE DEL DIABLO,11.683,412.58125130715115,q70
2018-09-12 08:00:00,PUENTE DEL DIABLO,10.614,374.82987258187984,q70
2018-09-14 08:00:00,PUENTE DEL DIABLO,10.66,376.4543472510683,q70
2018-09-16 08:00:00,PUENTE DEL DIABLO,10.708,378.1494512536998,q70
2018-09-18 08:00:00,PUENTE DEL DIABLO,11.564,408.378805967294,q70
2018-09-20 08:00:00,PUENTE DEL DIABLO,11.614,410.14453930336845,q70
2018-09-21 08:00:00,PUENTE DEL DIABLO,11.614,410.14453930336845,q70
2018-09-24 08:00:00,PUENTE DEL DIABLO,10.52,371.5102939100599,q70
2018-09-26 08:00:00,PUENTE DEL DIABLO,11.791,416.3952353130719,q70
2018-09-28 08:00:00,PUENTE DEL DIABLO,11.624,410.49768597058335,q70
2018-09-30 08:00:00,PUENTE DEL DIABLO,11.702,413.2522299748594,q70
2018-10-01 08:00:00,PUENTE DEL DIABLO,8.5,300.174667132653,q50
2018-10-02 08:00:00,PUENTE DEL DIABLO,13.693,483.5637314173432,q70
2018-10-03 08:00:00,PUENTE DEL DIABLO,12.32,435.07669400873937,q70
2018-10-04 08:00:00,PUENTE DEL DIABLO,12.266,433.16970200577896,q70
2018-10-05 08:00:00,PUENTE DEL DIABLO,8.519,300.84564580036124,q50
2018-10-09 08:00:00,PUENTE DEL DIABLO,0.98,34.60837338705881,q25
2018-10-10 08:00:00,PUENTE DEL DIABLO,13.455,475.1588407376289,q70
2018-10-14 08:00:00,PUENTE DEL DIABLO,10.685,377.3372139191055,q70
2018-10-15 08:00:00,PUENTE DEL DIABLO,13.421,473.9581420690983,q70
2018-10-16 08:00:00,PUENTE DEL DIABLO,10.644,375.8893125835245,q70
2018-10-17 08:00:00,PUENTE DEL DIABLO,13.575,479.3966007442075,q70
2018-10-19 08:00:00,PUENTE DEL DIABLO,13.413,473.6756247353264,q70
2018-10-20 08:00:00,PUENTE DEL DIABLO,10.695,377.6903605863204,q70
2018-10-22 08:00:00,PUENTE DEL DIABLO,0.108,3.813984005920767,q25
2018-10-23 08:00:00,PUENTE DEL DIABLO,0.09,3.1783200049339726,q25
2018-10-24 08:00:00,PUENTE DEL DIABLO,10.722,378.6438565878006,q70
2018-10-26 08:00:00,PUENTE DEL DIABLO,11.584,409.08509930172374,q70
2018-10-28 08:00:00,PUENTE DEL DIABLO,10.718,378.50259792091464,q70
2018-10-30 08:00:00,PUENTE DEL DIABLO,10.652,376.1718299172964,q70
2018-11-01 08:00:00,PUENTE DEL DIABLO,8.564,302.43480580282824,q50
2018-11-02 08:00:00,PUENTE DEL DIABLO,12.529,442.45745935353045,q70
2018-11-03 08:00:00,PUENTE DEL DIABLO,12.833,453.19311803686304,q70
2018-11-04 08:00:00,PUENTE DEL DIABLO,11.256,397.5018886170755,q70
2018-11-05 08:00:00,PUENTE DEL DIABLO,9.95,351.3809338788114,q70
2018-11-06 08:00:00,PUENTE DEL DIABLO,9.723,343.36450453303354,q70
2018-11-09 08:00:00,PUENTE DEL DIABLO,0.82,28.958026711620636,q25
2018-11-11 08:00:00,PUENTE DEL DIABLO,11.704,413.32285930830244,q70
2018-11-12 08:00:00,PUENTE DEL DIABLO,10.644,375.8893125835245,q70
2018-11-13 08:00:00,PUENTE DEL DIABLO,10.803,381.50434459224124,q70
2018-11-15 08:00:00,PUENTE DEL DIABLO,10.656,376.31308858418237,q70
2018-11-17 08:00:00,PUENTE DEL DIABLO,10.689,377.4784725859915,q70
2018-11-19 08:00:00,PUENTE DEL DIABLO,10.736,379.13826192190146,q70
2018-11-21 08:00:00,PUENTE DEL DIABLO,10.683,377.26658458566254,q70
2018-11-23 08:00:00,PUENTE DEL DIABLO,10.737,379.17357658862295,q70
2018-11-25 08:00:00,PUENTE DEL DIABLO,10.657,376.34840325090386,q70
2018-11-27 08:00:00,PUENTE DEL DIABLO,10.708,378.1494512536998,q70
2018-11-29 08:00:00,PUENTE DEL DIABLO,10.798,381.32777125863373,q70
2018-12-01 08:00:00,PUENTE DEL DIABLO,8.3,293.11173378835525,q50
2018-12-02 08:00:00,PUENTE DEL DIABLO,13.606,480.4913554125737,q70
2018-12-03 08:00:00,PUENTE DEL DIABLO,12.75,450.2620006989795,q70
2018-12-04 08:00:00,PUENTE DEL DIABLO,11.332,400.1858032879087,q70
2018-12-05 08:00:00,PUENTE DEL DIABLO,9.48,334.7830405197118,q70
2018-12-09 08:00:00,PUENTE DEL DIABLO,0.101,3.566781338870347,q25
2018-12-10 08:00:00,PUENTE DEL DIABLO,13.629,481.3035927471679,q70
2018-12-13 08:00:00,PUENTE DEL DIABLO,10.8,381.39840059207677,q70
2018-12-15 08:00:00,PUENTE DEL DIABLO,10.901,384.96518193094704,q70
2018-12-17 08:00:00,PUENTE DEL DIABLO,10.881,384.2588885965173,q70
2018-12-19 08:00:00,PUENTE DEL DIABLO,10.847,383.0581899279867,q70
2018-12-21 08:00:00,PUENTE DEL DIABLO,10.782,380.76273659108995,q70
2018-12-23 08:00:00,PUENTE DEL DIABLO,10.274,362.82288589657367,q70
2018-12-25 08:00:00,PUENTE DEL DIABLO,10.474,369.88581924087146,q70
2018-12-27 08:00:00,PUENTE DEL DIABLO,10.442,368.75574990578383,q70
2018-12-29 08:00:00,PUENTE DEL DIABLO,10.65,376.1012005838534,q70
2018-12-31 08:00:00,PUENTE DEL DIABLO,10.65,376.1012005838534,q70
2019-01-03 08:00:00,PUENTE DEL DIABLO,40.5,1430.2440022202877,q70
2019-01-14 08:00:00,PUENTE DEL DIABLO,10.622,375.11238991565176,q70
2019-02-01 08:00:00,PUENTE DEL DIABLO,10.709,378.1847659204212,q70
2019-02-03 08:00:00,PUENTE DEL DIABLO,24.753,874.1439453570069,q70
2019-02-13 08:00:00,PUENTE DEL DIABLO,48.082,1697.9998053026143,q70
2019-02-14 08:00:00,PUENTE DEL DIABLO,44.75,1580.331335786614,q70
2019-02-15 08:00:00,PUENTE DEL DIABLO,44.201,1560.943583756517,q70
2019-02-16 08:00:00,PUENTE DEL DIABLO,42.021,1483.9576103036718,q70
2019-02-17 08:00:00,PUENTE DEL DIABLO,41.481,1464.887690274068,q70
2019-02-18 08:00:00,PUENTE DEL DIABLO,40.405,1426.8891088817463,q70
2019-02-22 08:00:00,PUENTE DEL DIABLO,134.637,4754.6607833810585,q70
2019-02-23 08:00:00,PUENTE DEL DIABLO,105.228,3716.0917497688006,q70
2019-02-24 08:00:00,PUENTE DEL DIABLO,77.214,2726.7866762330195,q70
2019-02-25 08:00:00,PUENTE DEL DIABLO,73.86,2608.341284049147,q70
2019-02-26 08:00:00,PUENTE DEL DIABLO,64.531,2278.8907582043803,q70
2019-02-27 08:00:00,PUENTE DEL DIABLO,49.989,1765.3448747404927,q70
2019-02-28 08:00:00,PUENTE DEL DIABLO,48.755,1721.7665760061761,q70
2019-03-03 08:00:00,PUENTE DEL DIABLO,24.204,854.7561933269097,q70
2019-03-13 08:00:00,PUENTE DEL DIABLO,25.303,893.5670120538257,q70
2019-03-14 08:00:00,PUENTE DEL DIABLO,26.301,928.8110494418712,q70
2019-03-15 08:00:00,PUENTE DEL DIABLO,23.373,825.4097052813528,q70
2019-03-16 08:00:00,PUENTE DEL DIABLO,24.036,848.8233293176996,q70
2019-03-17 08:00:00,PUENTE DEL DIABLO,23.766,839.2883693028976,q70
2019-03-18 08:00:00,PUENTE DEL DIABLO,23.209,819.6180999390285,q70
2019-03-19 08:00:00,PUENTE DEL DIABLO,21.908,773.6737185343719,q70
2019-03-20 08:00:00,PUENTE DEL DIABLO,14.885,525.6588141493576,q70
2019-03-21 08:00:00,PUENTE DEL DIABLO,11.514,406.61307263121955,q70
2019-03-24 08:00:00,PUENTE DEL DIABLO,11.056,390.4389552727778,q70
2019-03-25 08:00:00,PUENTE DEL DIABLO,9.982,352.511003213899,q70
2019-03-26 08:00:00,PUENTE DEL DIABLO,9.72,343.25856053286907,q70
2019-03-28 08:00:00,PUENTE DEL DIABLO,9.863,348.3085578740419,q70
2019-03-29 08:00:00,PUENTE DEL DIABLO,9.936,350.8865285447106,q70
2019-04-01 08:00:00,PUENTE DEL DIABLO,10.52,371.5102939100599,q70
2019-04-03 08:00:00,PUENTE DEL DIABLO,23.657,835.4390706302554,q70
2019-05-02 08:00:00,PUENTE DEL DIABLO,16.77,592.2269609193636,q70
2019-05-03 08:00:00,PUENTE DEL DIABLO,23.93,845.0799746452218,q70
2019-06-01 08:00:00,PUENTE DEL DIABLO,10.484,370.2389659080863,q70
2019-06-03 08:00:00,PUENTE DEL DIABLO,24.753,874.1439453570069,q70
2019-07-02 08:00:00,PUENTE DEL DIABLO,18.815,664.4454543648078,q70
2019-07-03 08:00:00,PUENTE DEL DIABLO,25.857,913.1313374175303,q70
2019-08-01 08:00:00,PUENTE DEL DIABLO,10.418,367.90819790446807,q70
2019-08-02 08:00:00,PUENTE DEL DIABLO,19.358,683.6213183945761,q70
2019-08-03 08:00:00,PUENTE DEL DIABLO,24.821,876.5453426940683,q70
2019-09-02 06:00:00,PUENTE DEL DIABLO,110.0,3884.613339363744,q70
2019-09-02 17:43:00,PUENTE DEL DIABLO,175.0,6180.066676260502,q70
2019-09-03 08:00:00,PUENTE DEL DIABLO,25.1,886.3981347093635,q70
2019-10-01 08:00:00,PUENTE DEL DIABLO,10.34,365.15365390019196,q70
2019-10-02 08:00:00,PUENTE DEL DIABLO,109.0,3849.298672642256,q70
2019-10-03 08:00:00,PUENTE DEL DIABLO,24.897,879.2292573649013,q70
2019-11-02 06:00:00,PUENTE DEL DIABLO,125.0,4414.333340186073,q70
2019-11-03 08:00:00,PUENTE DEL DIABLO,24.797,875.6977906927525,q70
2019-12-01 08:00:00,PUENTE DEL DIABLO,10.554,372.71099257859055,q70
2019-12-02 08:00:00,PUENTE DEL DIABLO,64.387,2273.8054461964857,q70
2019-12-03 08:00:00,PUENTE DEL DIABLO,24.298,858.0757719987296,q70
2020-01-03 08:00:00,PUENTE DEL DIABLO,58.795,2076.3258298899214,q70
2020-01-04 06:00:00,PUENTE DEL DIABLO,49.32,1741.719362703817,q70
2020-01-06 06:00:00,PUENTE DEL DIABLO,8.48,299.46837379822324,q50
2020-01-07 06:00:00,PUENTE DEL DIABLO,8.09,285.6956537768426,q50
2020-01-09 06:00:00,PUENTE DEL DIABLO,8.2,289.58026711620636,q50
2020-01-10 06:00:00,PUENTE DEL DIABLO,8.0,282.5173337719087,q50
2020-01-22 08:00:00,PUENTE DEL DIABLO,16.938,598.1598249285736,q70
2020-01-23 06:00:00,PUENTE DEL DIABLO,17.111,604.2692622713912,q70
2020-01-24 06:00:00,PUENTE DEL DIABLO,20.011,706.681795763708,q70
2020-01-27 06:00:00,PUENTE DEL DIABLO,20.494,723.7387797901871,q70
2020-01-30 06:00:00,PUENTE DEL DIABLO,22.879,807.9642599209374,q70
2020-02-03 08:00:00,PUENTE DEL DIABLO,63.214,2232.3813421321793,q70
2020-02-04 06:00:00,PUENTE DEL DIABLO,37.65,1329.5972020640452,q70
2020-02-07 06:00:00,PUENTE DEL DIABLO,7.69,271.5697870882472,q50
2020-02-09 06:00:00,PUENTE DEL DIABLO,8.2,289.58026711620636,q50
2020-02-10 06:00:00,PUENTE DEL DIABLO,8.0,282.5173337719087,q50
2020-02-13 06:00:00,PUENTE DEL DIABLO,155.5,5491.430675191475,q70
2020-02-14 06:00:00,PUENTE DEL DIABLO,94.492,3336.9534878468994,q70
2020-02-17 06:00:00,PUENTE DEL DIABLO,83.943,2964.419068601916,q70
2020-02-18 06:00:00,PUENTE DEL DIABLO,83.894,2962.6886499325637,q70
2020-02-19 06:00:00,PUENTE DEL DIABLO,79.639,2812.424743032629,q70
2020-02-20 08:00:00,PUENTE DEL DIABLO,91.585,3234.2937516875318,q70
2020-02-23 08:00:00,PUENTE DEL DIABLO,86.275,3046.772871396428,q70
2020-02-24 08:00:00,PUENTE DEL DIABLO,84.272,2976.0375939532864,q70
2020-02-25 08:00:00,PUENTE DEL DIABLO,94.444,3335.258383844268,q70
2020-02-26 08:00:00,PUENTE DEL DIABLO,83.379,2944.5015965709968,q70
2020-02-28 08:00:00,PUENTE DEL DIABLO,78.129,2759.0995962831817,q70
2020-03-02 06:00:00,PUENTE DEL DIABLO,14.276,504.152182115971,q70
2020-03-03 08:00:00,PUENTE DEL DIABLO,58.369,2061.281781866567,q70
2020-03-06 06:00:00,PUENTE DEL DIABLO,8.48,299.46837379822324,q50
2020-03-07 06:00:00,PUENTE DEL DIABLO,7.69,271.5697870882472,q50
2020-03-08 06:00:00,PUENTE DEL DIABLO,8.5,300.174667132653,q50
2020-03-09 06:00:00,PUENTE DEL DIABLO,8.2,289.58026711620636,q50
2020-03-13 06:00:00,PUENTE DEL DIABLO,30.772,1086.7029243536467,q70
2020-03-14 06:00:00,PUENTE DEL DIABLO,45.907,1621.1904051833762,q70
2020-03-15 06:00:00,PUENTE DEL DIABLO,60.15,2124.177203297538,q70
2020-03-16 06:00:00,PUENTE DEL DIABLO,73.584,2598.5944360340163,q70
2020-03-17 06:00:00,PUENTE DEL DIABLO,63.762,2251.733779495555,q70
2020-03-19 06:00:00,PUENTE DEL DIABLO,63.671,2248.5201448238995,q70
2020-03-20 06:00:00,PUENTE DEL DIABLO,59.179,2089.886661910973,q70
2020-03-21 06:00:00,PUENTE DEL DIABLO,57.41,2027.4150164806595,q70
2020-03-22 06:00:00,PUENTE DEL DIABLO,57.42,2027.7681631478747,q70
2020-03-23 06:00:00,PUENTE DEL DIABLO,54.72,1932.4185629998553,q70
2020-03-24 06:00:00,PUENTE DEL DIABLO,55.0,1942.306669681872,q70
2020-03-25 06:00:00,PUENTE DEL DIABLO,59.21,2090.981416579339,q70
2020-03-26 06:00:00,PUENTE DEL DIABLO,53.82,1900.6353629505156,q70
2020-03-28 06:00:00,PUENTE DEL DIABLO,50.79,1793.631922784405,q70
2020-03-29 06:00:00,PUENTE DEL DIABLO,52.02,1837.0689628518362,q70
2020-03-30 06:00:00,PUENTE DEL DIABLO,25.97,917.1218947570585,q70
2020-03-31 06:00:00,PUENTE DEL DIABLO,54.72,1932.4185629998553,q70
2020-04-02 06:00:00,PUENTE DEL DIABLO,11.103,392.09874460868775,q70
2020-04-06 06:00:00,PUENTE DEL DIABLO,8.09,285.6956537768426,q50
2020-04-08 06:00:00,PUENTE DEL DIABLO,8.3,293.11173378835525,q50
2020-04-09 06:00:00,PUENTE DEL DIABLO,8.0,282.5173337719087,q50
2020-04-13 06:00:00,PUENTE DEL DIABLO,31.36,1107.467948385882,q70
2020-04-15 06:00:00,PUENTE DEL DIABLO,22.37,789.9890945596997,q70
2020-04-16 06:00:00,PUENTE DEL DIABLO,19.68,694.9926410788953,q70
2020-04-17 06:00:00,PUENTE DEL DIABLO,14.42,509.2374941238654,q70
2020-04-18 06:00:00,PUENTE DEL DIABLO,13.23,467.213040725294,q70
2020-04-19 06:00:00,PUENTE DEL DIABLO,13.23,467.213040725294,q70
2020-04-20 06:00:00,PUENTE DEL DIABLO,13.23,467.213040725294,q70
2020-04-22 06:00:00,PUENTE DEL DIABLO,10.86,383.517280595366,q70
2020-04-23 06:00:00,PUENTE DEL DIABLO,10.46,369.39141390677065,q70
2020-04-24 06:00:00,PUENTE DEL DIABLO,10.46,369.39141390677065,q70
2020-04-25 06:00:00,PUENTE DEL DIABLO,10.46,369.39141390677065,q70
2020-04-26 06:00:00,PUENTE DEL DIABLO,10.46,369.39141390677065,q70
2020-04-27 06:00:00,PUENTE DEL DIABLO,10.86,383.517280595366,q70
2020-04-28 06:00:00,PUENTE DEL DIABLO,10.86,383.517280595366,q70
2020-04-29 06:00:00,PUENTE DEL DIABLO,10.06,355.2655472181752,q70
2020-05-02 06:00:00,PUENTE DEL DIABLO,10.284,363.1760325637886,q70
2020-05-06 06:00:00,PUENTE DEL DIABLO,8.48,299.46837379822324,q50
2020-05-08 06:00:00,PUENTE DEL DIABLO,8.3,293.11173378835525,q50
2020-05-13 06:00:00,PUENTE DEL DIABLO,8.48,299.46837379822324,q50
2020-05-14 06:00:00,PUENTE DEL DIABLO,8.48,299.46837379822324,q50
2020-05-28 06:00:00,PUENTE DEL DIABLO,8.09,285.6956537768426,q50
2020-05-29 06:00:00,PUENTE DEL DIABLO,8.48,299.46837379822324,q50
2020-06-02 06:00:00,PUENTE DEL DIABLO,9.807,346.3309365376386,q70
2020-06-03 08:00:00,PUENTE DEL DIABLO,60.15,2124.177203297538,q70
2020-06-07 06:00:00,PUENTE DEL DIABLO,8.09,285.6956537768426,q50
2020-06-15 06:00:00,PUENTE DEL DIABLO,8.48,299.46837379822324,q50
2020-06-16 06:00:00,PUENTE DEL DIABLO,8.48,299.46837379822324,q50
2020-06-17 06:00:00,PUENTE DEL DIABLO,8.48,299.46837379822324,q50
2020-06-30 06:00:00,PUENTE DEL DIABLO,8.09,285.6956537768426,q50
2020-07-03 08:00:00,PUENTE DEL DIABLO,24.541,866.6572360120514,q70
2020-07-04 06:00:00,PUENTE DEL DIABLO,33.15,1170.6812018173466,q70
2020-07-05 06:00:00,PUENTE DEL DIABLO,8.88,313.59424048681865,q70
2020-07-07 06:00:00,PUENTE DEL DIABLO,8.09,285.6956537768426,q50
2020-07-08 06:00:00,PUENTE DEL DIABLO,8.4,296.64320046050415,q50
2020-07-09 06:00:00,PUENTE DEL DIABLO,8.0,282.5173337719087,q50
2020-07-13 06:00:00,PUENTE DEL DIABLO,7.69,271.5697870882472,q50
2020-07-14 06:00:00,PUENTE DEL DIABLO,7.69,271.5697870882472,q50
2020-07-15 06:00:00,PUENTE DEL DIABLO,8.5,300.174667132653,q50
2020-07-16 06:00:00,PUENTE DEL DIABLO,8.7,307.23760047695066,q70
2020-07-17 06:00:00,PUENTE DEL DIABLO,8.6,303.7061338048018,q50
2020-07-20 06:00:00,PUENTE DEL DIABLO,8.5,300.174667132653,q50
2020-07-21 06:00:00,PUENTE DEL DIABLO,8.4,296.64320046050415,q50
2020-07-22 06:00:00,PUENTE DEL DIABLO,8.2,289.58026711620636,q50
2020-07-23 06:00:00,PUENTE DEL DIABLO,8.4,296.64320046050415,q50
2020-07-24 06:00:00,PUENTE DEL DIABLO,8.3,293.11173378835525,q50
2020-07-29 06:00:00,PUENTE DEL DIABLO,8.2,289.58026711620636,q50
2020-07-30 06:00:00,PUENTE DEL DIABLO,8.2,289.58026711620636,q50
2020-07-31 06:00:00,PUENTE DEL DIABLO,8.3,293.11173378835525,q50
2020-08-03 08:00:00,PUENTE DEL DIABLO,19.645,693.7566277436432,q70
2020-08-04 06:00:00,PUENTE DEL DIABLO,33.15,1170.6812018173466,q70
2020-08-05 06:00:00,PUENTE DEL DIABLO,8.48,299.46837379822324,q50
2020-08-06 06:00:00,PUENTE DEL DIABLO,8.48,299.46837379822324,q50
2020-08-07 06:00:00,PUENTE DEL DIABLO,8.09,285.6956537768426,q50
2020-08-13 06:00:00,PUENTE DEL DIABLO,8.3,293.11173378835525,q50
2020-08-14 06:00:00,PUENTE DEL DIABLO,8.3,293.11173378835525,q50
2020-08-17 06:00:00,PUENTE DEL DIABLO,7.84,276.8669870964705,q50
2020-08-18 06:00:00,PUENTE DEL DIABLO,8.2,289.58026711620636,q50
2020-08-19 06:00:00,PUENTE DEL DIABLO,8.2,289.58026711620636,q50
2020-08-20 06:00:00,PUENTE DEL DIABLO,8.2,289.58026711620636,q50
2020-08-21 06:00:00,PUENTE DEL DIABLO,8.2,289.58026711620636,q50
2020-08-24 06:00:00,PUENTE DEL DIABLO,8.2,289.58026711620636,q50
2020-08-25 06:00:00,PUENTE DEL DIABLO,8.2,289.58026711620636,q50
2020-08-26 06:00:00,PUENTE DEL DIABLO,8.2,289.58026711620636,q50
2020-08-27 06:00:00,PUENTE DEL DIABLO,8.2,289.58026711620636,q50
2020-08-28 06:00:00,PUENTE DEL DIABLO,8.53,301.23410713429763,q50
2020-08-31 06:00:00,PUENTE DEL DIABLO,8.2,289.58026711620636,q50
2020-09-03 08:00:00,PUENTE DEL DIABLO,20.09,709.4716544347057,q70
2020-09-04 06:00:00,PUENTE DEL DIABLO,33.15,1170.6812018173466,q70
2020-09-06 06:00:00,PUENTE DEL DIABLO,8.48,299.46837379822324,q50
2020-09-07 06:00:00,PUENTE DEL DIABLO,8.09,285.6956537768426,q50
2020-09-09 06:00:00,PUENTE DEL DIABLO,8.0,282.5173337719087,q50
2020-09-14 06:00:00,PUENTE DEL DIABLO,8.0,282.5173337719087,q50
2020-09-15 06:00:00,PUENTE DEL DIABLO,7.6,268.3914670833132,q50
2020-09-16 06:00:00,PUENTE DEL DIABLO,8.0,282.5173337719087,q50
2020-09-17 06:00:00,PUENTE DEL DIABLO,8.0,282.5173337719087,q50
2020-09-18 06:00:00,PUENTE DEL DIABLO,8.0,282.5173337719087,q50
2020-09-23 06:00:00,PUENTE DEL DIABLO,8.0,282.5173337719087,q50
2020-09-24 06:00:00,PUENTE DEL DIABLO,8.0,282.5173337719087,q50
2020-09-25 06:00:00,PUENTE DEL DIABLO,8.0,282.5173337719087,q50
2020-09-28 06:00:00,PUENTE DEL DIABLO,8.3,293.11173378835525,q50
2020-09-30 06:00:00,PUENTE DEL DIABLO,8.0,282.5173337719087,q50
2020-10-03 08:00:00,PUENTE DEL DIABLO,19.199,678.0062863858594,q70
2020-10-04 06:00:00,PUENTE DEL DIABLO,33.25,1174.2126684894954,q70
2020-10-06 06:00:00,PUENTE DEL DIABLO,8.48,299.46837379822324,q50
2020-10-07 06:00:00,PUENTE DEL DIABLO,7.69,271.5697870882472,q50
2020-10-08 06:00:00,PUENTE DEL DIABLO,8.4,296.64320046050415,q50
2020-10-09 06:00:00,PUENTE DEL DIABLO,8.0,282.5173337719087,q50
2020-11-04 06:00:00,PUENTE DEL DIABLO,33.25,1174.2126684894954,q70
2020-11-05 06:00:00,PUENTE DEL DIABLO,8.88,313.59424048681865,q70
2020-11-06 06:00:00,PUENTE DEL DIABLO,8.48,299.46837379822324,q50
2020-11-08 06:00:00,PUENTE DEL DIABLO,8.3,293.11173378835525,q50
2020-11-09 06:00:00,PUENTE DEL DIABLO,8.0,282.5173337719087,q50
2020-12-02 06:00:00,PUENTE DEL DIABLO,21.061,743.7621958212711,q70
2020-12-04 06:00:00,PUENTE DEL DIABLO,33.25,1174.2126684894954,q70
2020-12-05 06:00:00,PUENTE DEL DIABLO,8.48,299.46837379822324,q50
2020-12-06 06:00:00,PUENTE DEL DIABLO,8.48,299.46837379822324,q50
2020-12-08 06:00:00,PUENTE DEL DIABLO,8.3,293.11173378835525,q50
